CNPJ;nome_social;ticker_principal;ticker_secundario;ticker_terciário;"CNPJ;nome_social;ticker_principal;ticker_secundario;";"CNPJ;nome_social;ticker_principal;ticker_secundario;ticker_terciário"
8,77E+12;2W ENERGIA S.A.;;;;"8773135000100;2W ENERGIA S.A.;;;";"8773135000100;2W ENERGIA S.A.;;;"
1,21E+13;3R PETROLEUM OLÉO E GÁS S.A.;RRRP3;;;"12091809000155;3R PETROLEUM OLÉO E GÁS S.A.;RRRP3;;";"12091809000155;3R PETROLEUM OLÉO E GÁS S.A.;RRRP3;;"
1,85E+12;524 PARTICIPAÇOES SA;QVQP3B;;;"1851771000155;524 PARTICIPAÇOES SA;QVQP3B;;";"1851771000155;524 PARTICIPAÇOES SA;QVQP3B;;"
1,03E+13;ADVANCED DIGITAL HEALTH MEDICINA PREVENTIVA S.A.;ADHM1;ADHM3;;"10345009000198;ADVANCED DIGITAL HEALTH MEDICINA PREVENTIVA S.A.;ADHM1;ADHM3;";"10345009000198;ADVANCED DIGITAL HEALTH MEDICINA PREVENTIVA S.A.;ADHM1;ADHM3;"
1,25E+13;AERIS IND. E COM. DE EQUIP. PARA GER. DE ENG. S.A.;AERI3;;;"12528708000107;AERIS IND. E COM. DE EQUIP. PARA GER. DE ENG. S.A.;AERI3;;";"12528708000107;AERIS IND. E COM. DE EQUIP. PARA GER. DE ENG. S.A.;AERI3;;"
3,77E+13;AES Brasil Energia S/A;;;;"37663076000107;AES Brasil Energia S/A;;;";"37663076000107;AES Brasil Energia S/A;;;"
4,13E+12;AES TIETÊ ENERGIA S.A;TIET11;TIET3;TIET4;"4128563000110;AES TIETÊ ENERGIA S.A;TIET11;TIET3;";"4128563000110;AES TIETÊ ENERGIA S.A;TIET11;TIET3;TIET4"
1,03E+13;AFLUENTE TRANSMISSÃO DE ENERGIA ELETRICA S/A;AFLT3;;;"10338320000100;AFLUENTE TRANSMISSÃO DE ENERGIA ELETRICA S/A;AFLT3;;";"10338320000100;AFLUENTE TRANSMISSÃO DE ENERGIA ELETRICA S/A;AFLT3;;"
2,12E+13;AGROGALAXY PARTICIPAÇÕES S.A;;;;"21240146000184;AGROGALAXY PARTICIPAÇÕES S.A;;;";"21240146000184;AGROGALAXY PARTICIPAÇÕES S.A;;;"
2,22E+12;ALEF SA;ALEF3B;;;"2217319000107;ALEF SA;ALEF3B;;";"2217319000107;ALEF SA;ALEF3B;;"
1,72E+13;ALFA HOLDINGS SA;RPAD3;RPAD5;RPAD6;"17167396000169;ALFA HOLDINGS SA;RPAD3;RPAD5;";"17167396000169;ALFA HOLDINGS SA;RPAD3;RPAD5;RPAD6"
5,88E+12;ALIANSCE SONAE SHOPPING CENTERS S.A.;ALSO3;;;"5878397000132;ALIANSCE SONAE SHOPPING CENTERS S.A.;ALSO3;;";"5878397000132;ALIANSCE SONAE SHOPPING CENTERS S.A.;ALSO3;;"
2,02E+13;ALLIED TECNOLOGIA S.A.;;;;"20247322000147;ALLIED TECNOLOGIA S.A.;;;";"20247322000147;ALLIED TECNOLOGIA S.A.;;;"
6,05E+13;ALLPARK EMPREENDIMENTOS, PARTICIPAÇÕES E SERVIÇOS S.A.;ALPK3;;;"60537263000166;ALLPARK EMPREENDIMENTOS, PARTICIPAÇÕES E SERVIÇOS S.A.;ALPK3;;";"60537263000166;ALLPARK EMPREENDIMENTOS, PARTICIPAÇÕES E SERVIÇOS S.A.;ALPK3;;"
6,11E+13;ALPARGATAS SA;ALPA3;ALPA4;;"61079117000105;ALPARGATAS SA;ALPA3;ALPA4;";"61079117000105;ALPARGATAS SA;ALPA3;ALPA4;"
1,17E+13;ALPER CONSULTORIA E CORRETORA DE SEGUROS S.A.;APER3;;;"11721921000160;ALPER CONSULTORIA E CORRETORA DE SEGUROS S.A.;APER3;;";"11721921000160;ALPER CONSULTORIA E CORRETORA DE SEGUROS S.A.;APER3;;"
1,68E+13;ALPHAVILLE S.A.;AVLL3;;;"16811931000100;ALPHAVILLE S.A.;AVLL3;;";"16811931000100;ALPHAVILLE S.A.;AVLL3;;"
8,36E+12;ALUPAR INVESTIMENTO S/A;ALUP11;ALUP3;ALUP4;"8364948000138;ALUPAR INVESTIMENTO S/A;ALUP11;ALUP3;";"8364948000138;ALUPAR INVESTIMENTO S/A;ALUP11;ALUP3;ALUP4"
7,53E+12;AMBEV S.A.;ABEV3;;;"7526557000100;AMBEV S.A.;ABEV3;;";"7526557000100;AMBEV S.A.;ABEV3;;"
1,26E+13;AMBIPAR PARTICIPAÇÕES E EMPREENDIMENTOS S.A.;AMBP3;;;"12648266000124;AMBIPAR PARTICIPAÇÕES E EMPREENDIMENTOS S.A.;AMBP3;;";"12648266000124;AMBIPAR PARTICIPAÇÕES E EMPREENDIMENTOS S.A.;AMBP3;;"
3,31E+13;AMPLA ENERGIA E SERVIÇOS S.A.;CBEE3;;;"33050071000158;AMPLA ENERGIA E SERVIÇOS S.A.;CBEE3;;";"33050071000158;AMPLA ENERGIA E SERVIÇOS S.A.;CBEE3;;"
9,29E+12;ANIMA HOLDING S/A;ANIM3;;;"9288252000132;ANIMA HOLDING S/A;ANIM3;;";"9288252000132;ANIMA HOLDING S/A;ANIM3;;"
1,66E+13;AREZZO INDÚSTRIA E COMERCIO S/A;ARZZ3;;;"16590234000176;AREZZO INDÚSTRIA E COMERCIO S/A;ARZZ3;;";"16590234000176;AREZZO INDÚSTRIA E COMERCIO S/A;ARZZ3;;"
7,53E+13;ATACADÃO S.A.;CRFB3;;;"75315333000109;ATACADÃO S.A.;CRFB3;;";"75315333000109;ATACADÃO S.A.;CRFB3;;"
4,03E+12;ATMA  PARTICIPAÇÕES  S.A.;LIQO3;;;"4032433000180;ATMA  PARTICIPAÇÕES  S.A.;LIQO3;;";"4032433000180;ATMA  PARTICIPAÇÕES  S.A.;LIQO3;;"
3,60E+11;ATOM EMPREENDIMENTOS E PARTICIPAÇÕES S.A.;ATOM3;;;"359742000108;ATOM EMPREENDIMENTOS E PARTICIPAÇÕES S.A.;ATOM3;;";"359742000108;ATOM EMPREENDIMENTOS E PARTICIPAÇÕES S.A.;ATOM3;;"
6,14E+13;AZEVEDO & TRAVASSOS SA;AZEV3;;;"61351532000168;AZEVEDO & TRAVASSOS SA;AZEV3;;";"61351532000168;AZEVEDO & TRAVASSOS SA;AZEV3;;"
9,31E+12;AZUL S.A.;AZUL4;;;"9305994000129;AZUL S.A.;AZUL4;;";"9305994000129;AZUL S.A.;AZUL4;;"
7,77E+11;B2W - COMPANHIA DIGITAL;BTOW3;;;"776574000156;B2W - COMPANHIA DIGITAL;BTOW3;;";"776574000156;B2W - COMPANHIA DIGITAL;BTOW3;;"
9,35E+12;B3 S.A. - BRASIL, BOLSA, BALCÃO;B3SA3;;;"9346601000125;B3 S.A. - BRASIL, BOLSA, BALCÃO;B3SA3;;";"9346601000125;B3 S.A. - BRASIL, BOLSA, BALCÃO;B3SA3;;"
4,60E+13;BAHEMA EDUCACAO S.A.;BAHI3;;;"45987245000192;BAHEMA EDUCACAO S.A.;BAHI3;;";"45987245000192;BAHEMA EDUCACAO S.A.;BAHI3;;"
2,82E+13;BANCO ABC BRASIL S/A;ABCB4;;;"28195667000106;BANCO ABC BRASIL S/A;ABCB4;;";"28195667000106;BANCO ABC BRASIL S/A;ABCB4;;"
6,08E+13;BANCO ALFA DE INVESTIMENTO S.A.;BRIV3;BRIV4;;"60770336000165;BANCO ALFA DE INVESTIMENTO S.A.;BRIV3;BRIV4;";"60770336000165;BANCO ALFA DE INVESTIMENTO S.A.;BRIV3;BRIV4;"
6,12E+13;BANCO BMG S/A;BMGB4;;;"61186680000174;BANCO BMG S/A;BMGB4;;";"61186680000174;BANCO BMG S/A;BMGB4;;"
6,07E+13;BANCO BRADESCO S.A.;BBDC3;BBDC4;;"60746948000112;BANCO BRADESCO S.A.;BBDC3;BBDC4;";"60746948000112;BANCO BRADESCO S.A.;BBDC3;BBDC4;"
3,03E+13;BANCO BTG PACTUAL S/A;BPAC11;BPAC3;BPAC5;"30306294000145;BANCO BTG PACTUAL S/A;BPAC11;BPAC3;";"30306294000145;BANCO BTG PACTUAL S/A;BPAC11;BPAC3;BPAC5"
4,90E+12;BANCO DA AMAZÔNIA S.A.;BAZA3;;;"4902979000144;BANCO DA AMAZÔNIA S.A.;BAZA3;;";"4902979000144;BANCO DA AMAZÔNIA S.A.;BAZA3;;"
1,91E+02;BANCO DO BRASIL S.A.;BBAS11;BBAS12;BBAS3;"191;BANCO DO BRASIL S.A.;BBAS11;BBAS12;";"191;BANCO DO BRASIL S.A.;BBAS11;BBAS12;BBAS3"
1,30E+13;BANCO DO ESTADO DE SERGIPE SA;BGIP3;BGIP4;;"13009717000146;BANCO DO ESTADO DE SERGIPE SA;BGIP3;BGIP4;";"13009717000146;BANCO DO ESTADO DE SERGIPE SA;BGIP3;BGIP4;"
4,91E+12;BANCO DO ESTADO DO PARÁ S/A.;BPAR3;;;"4913711000108;BANCO DO ESTADO DO PARÁ S/A.;BPAR3;;";"4913711000108;BANCO DO ESTADO DO PARÁ S/A.;BPAR3;;"
9,27E+13;BANCO DO ESTADO DO RIO GRANDE DO SUL SA;BRSR3;BRSR5;BRSR6;"92702067000196;BANCO DO ESTADO DO RIO GRANDE DO SUL SA;BRSR3;BRSR5;";"92702067000196;BANCO DO ESTADO DO RIO GRANDE DO SUL SA;BRSR3;BRSR5;BRSR6"
7,24E+12;BANCO DO NORDESTE DO BRASIL SA;BNBR3;;;"7237373000120;BANCO DO NORDESTE DO BRASIL SA;BNBR3;;";"7237373000120;BANCO DO NORDESTE DO BRASIL SA;BNBR3;;"
1,51E+13;BANCO ECONOMICO SA - EM LIQUIDAÇÃO EXTRAJUDICIAL;;;;"15124464000187;BANCO ECONOMICO SA - EM LIQUIDAÇÃO EXTRAJUDICIAL;;;";"15124464000187;BANCO ECONOMICO SA - EM LIQUIDAÇÃO EXTRAJUDICIAL;;;"
4,17E+11;BANCO INTER S.A.;BIDI11;BIDI3;BIDI4;"416968000101;BANCO INTER S.A.;BIDI11;BIDI3;";"416968000101;BANCO INTER S.A.;BIDI11;BIDI3;BIDI4"
1,72E+13;BANCO MERCANTIL BRASIL SA;BMEB3;BMEB4;;"17184037000110;BANCO MERCANTIL BRASIL SA;BMEB3;BMEB4;";"17184037000110;BANCO MERCANTIL BRASIL SA;BMEB3;BMEB4;"
3,42E+13;BANCO MERCANTIL DE INVESTIMENTOS S.A.;BMIN3;BMIN4;;"34169557000172;BANCO MERCANTIL DE INVESTIMENTOS S.A.;BMIN3;BMIN4;";"34169557000172;BANCO MERCANTIL DE INVESTIMENTOS S.A.;BMIN3;BMIN4;"
1,72E+13;BANCO NACIONAL S.A. - EM LIQUIDAÇÃO EXTRAJUDICIAL;;;;"17157777000167;BANCO NACIONAL S.A. - EM LIQUIDAÇÃO EXTRAJUDICIAL;;;";"17157777000167;BANCO NACIONAL S.A. - EM LIQUIDAÇÃO EXTRAJUDICIAL;;;"
5,93E+13;BANCO PAN SA;BPAN4;;;"59285411000113;BANCO PAN SA;BPAN4;;";"59285411000113;BANCO PAN SA;BPAN4;;"
6,21E+13;BANCO PINE S/A;PINE3;PINE4;;"62144175000120;BANCO PINE S/A;PINE3;PINE4;";"62144175000120;BANCO PINE S/A;PINE3;PINE4;"
9,04E+13;BANCO SANTANDER (BRASIL) S.A.;SANB11;SANB3;SANB4;"90400888000142;BANCO SANTANDER (BRASIL) S.A.;SANB11;SANB3;";"90400888000142;BANCO SANTANDER (BRASIL) S.A.;SANB11;SANB3;SANB4"
2,81E+13;BANESTES SA BANCO DO ESTADO DO ESPIRITO SANTO;BEES3;BEES4;;"28127603000178;BANESTES SA BANCO DO ESTADO DO ESPIRITO SANTO;BEES3;BEES4;";"28127603000178;BANESTES SA BANCO DO ESTADO DO ESPIRITO SANTO;BEES3;BEES4;"
9,27E+13;BANRISUL ARMAZENS GERAIS SA;;;;"92721232000157;BANRISUL ARMAZENS GERAIS SA;;;";"92721232000157;BANRISUL ARMAZENS GERAIS SA;;;"
9,29E+13;BANRISUL CARTÕES S.A.;;;;"92934215000106;BANRISUL CARTÕES S.A.;;;";"92934215000106;BANRISUL CARTÕES S.A.;;;"
6,09E+13;BARDELLA S.A. INDS MECANICAS - EM RECUPERAÇÃO JUDICIAL;BDLL3;BDLL4;;"60851615000153;BARDELLA S.A. INDS MECANICAS - EM RECUPERAÇÃO JUDICIAL;BDLL3;BDLL4;";"60851615000153;BARDELLA S.A. INDS MECANICAS - EM RECUPERAÇÃO JUDICIAL;BDLL3;BDLL4;"
4,23E+13;BATTISTELLA ADM E PARTICIPAÇÕES S A;BTTL3;;;"42331462000131;BATTISTELLA ADM E PARTICIPAÇÕES S A;BTTL3;;";"42331462000131;BATTISTELLA ADM E PARTICIPAÇÕES S A;BTTL3;;"
6,14E+13;BAUMER SA;BALM3;BALM4;;"61374161000130;BAUMER SA;BALM3;BALM4;";"61374161000130;BAUMER SA;BALM3;BALM4;"
1,73E+13;BB SEGURIDADE PARTICIPAÇÕES S.A.;BBSE3;;;"17344597000194;BB SEGURIDADE PARTICIPAÇÕES S.A.;BBSE3;;";"17344597000194;BB SEGURIDADE PARTICIPAÇÕES S.A.;BBSE3;;"
1,11E+12;BBM LOGÍSTICA S.A.;BBML3;;;"1107327000120;BBM LOGÍSTICA S.A.;BBML3;;";"1107327000120;BBM LOGÍSTICA S.A.;BBML3;;"
9,04E+12;BEMOBI MOBILE TECH S.A.;BMOB3;;;"9042817000105;BEMOBI MOBILE TECH S.A.;BMOB3;;";"9042817000105;BEMOBI MOBILE TECH S.A.;BMOB3;;"
2,76E+12;BETAPART PARTICIPAÇÕES SA;BETP3B;;;"2762124000130;BETAPART PARTICIPAÇÕES SA;BETP3B;;";"2762124000130;BETAPART PARTICIPAÇÕES SA;BETP3B;;"
5,70E+13;BICICLETAS MONARK SA;BMKS3;;;"56992423000190;BICICLETAS MONARK SA;BMKS3;;";"56992423000190;BICICLETAS MONARK SA;BMKS3;;"
4,75E+12;BIOMM SA;BIOM11;BIOM3;;"4752991000110;BIOMM SA;BIOM11;BIOM3;";"4752991000110;BIOMM SA;BIOM11;BIOM3;"
1,55E+13;BIOSEV S.A.;BSEV3;;;"15527906000136;BIOSEV S.A.;BSEV3;;";"15527906000136;BIOSEV S.A.;BSEV3;;"
1,36E+13;BK BRASIL OPERAÇÃO E ASSESSORIA A RESTAURANTES S.A.;BKBR3;;;"13574594000196;BK BRASIL OPERAÇÃO E ASSESSORIA A RESTAURANTES S.A.;BKBR3;;";"13574594000196;BK BRASIL OPERAÇÃO E ASSESSORIA A RESTAURANTES S.A.;BKBR3;;"
5,84E+13;BLAU FARMACÊUTICA S.A.;;;;"58430828000160;BLAU FARMACÊUTICA S.A.;;;";"58430828000160;BLAU FARMACÊUTICA S.A.;;;"
1,08E+13;BOA SAFRA SEMENTES S.A;;;;"10807374000177;BOA SAFRA SEMENTES S.A;;;";"10807374000177;BOA SAFRA SEMENTES S.A;;;"
1,17E+13;BOA VISTA SERVIÇOS S.A.;BOAS3;;;"11725176000127;BOA VISTA SERVIÇOS S.A.;BOAS3;;";"11725176000127;BOA VISTA SERVIÇOS S.A.;BOAS3;;"
5,06E+13;BOMBRIL SA;BOBR3;BOBR4;;"50564053000103;BOMBRIL SA;BOBR3;BOBR4;";"50564053000103;BOMBRIL SA;BOBR3;BOBR4;"
2,12E+12;BONAIRE PARTICIPAÇÕES S.A.- EM LIQUIDAÇÃO;;;;"2117801000167;BONAIRE PARTICIPAÇÕES S.A.- EM LIQUIDAÇÃO;;;";"2117801000167;BONAIRE PARTICIPAÇÕES S.A.- EM LIQUIDAÇÃO;;;"
6,98E+12;BR MALLS PARTICIPAÇOES S.A.;BRML3;;;"6977745000191;BR MALLS PARTICIPAÇOES S.A.;BRML3;;";"6977745000191;BR MALLS PARTICIPAÇOES S.A.;BRML3;;"
6,98E+12;BR PROPERTIES S.A.;BRPR3;;;"6977751000149;BR PROPERTIES S.A.;BRPR3;;";"6977751000149;BR PROPERTIES S.A.;BRPR3;;"
3,85E+12;BRADESPAR S/A;BRAP3;BRAP4;;"3847461000192;BRADESPAR S/A;BRAP3;BRAP4;";"3847461000192;BRADESPAR S/A;BRAP3;BRAP4;"
8,61E+12;BRASIL BROKERS PARTICIPAÇÕES SA;BBRK3;;;"8613550000198;BRASIL BROKERS PARTICIPAÇÕES SA;BBRK3;;";"8613550000198;BRASIL BROKERS PARTICIPAÇÕES SA;BBRK3;;"
7,63E+12;BRASILAGRO CIA BRAS DE PROP AGRICOLAS;AGRO3;;;"7628528000159;BRASILAGRO CIA BRAS DE PROP AGRICOLAS;AGRO3;;";"7628528000159;BRASILAGRO CIA BRAS DE PROP AGRICOLAS;AGRO3;;"
8,77E+12;BRASILIANA PARTICIPAÇÕES S.A.;;;;"8773191000136;BRASILIANA PARTICIPAÇÕES S.A.;;;";"8773191000136;BRASILIANA PARTICIPAÇÕES S.A.;;;"
4,22E+13;BRASKEM S.A.;BRKM3;BRKM5;BRKM6;"42150391000170;BRASKEM S.A.;BRKM3;BRKM5;";"42150391000170;BRASKEM S.A.;BRKM3;BRKM5;BRKM6"
2,08E+08;BRB-BANCO DE BRASILIA SA;BSLI3;BSLI4;;"208000100;BRB-BANCO DE BRASILIA SA;BSLI3;BSLI4;";"208000100;BRB-BANCO DE BRASILIA SA;BSLI3;BSLI4;"
1,84E+12;BRF S.A.;BRFS3;;;"1838723000127;BRF S.A.;BRFS3;;";"1838723000127;BRF S.A.;BRFS3;;"
3,65E+13;BRQ SOLUÇÕES EM INFORMÁTICA S.A.;BRQB3;;;"36542025000164;BRQ SOLUÇÕES EM INFORMÁTICA S.A.;BRQB3;;";"36542025000164;BRQ SOLUÇÕES EM INFORMÁTICA S.A.;BRQB3;;"
2,19E+13;BTGI QUARTZO PARTICIPAÇÕES S.A.;;;;"21948105000147;BTGI QUARTZO PARTICIPAÇÕES S.A.;;;";"21948105000147;BTGI QUARTZO PARTICIPAÇÕES S.A.;;;"
2,20E+13;BTGI SAFIRA PARTICIPAÇÕES S.A.;;;;"21976510000179;BTGI SAFIRA PARTICIPAÇÕES S.A.;;;";"21976510000179;BTGI SAFIRA PARTICIPAÇÕES S.A.;;;"
4,52E+13;C&A MODAS S.A.;CEAB3;;;"45242914000105;C&A MODAS S.A.;CEAB3;;";"45242914000105;C&A MODAS S.A.;CEAB3;;"
4,03E+12;CABINDA PARTICIPAÇÕES SA;CABI3B;;;"4030182000102;CABINDA PARTICIPAÇÕES SA;CABI3B;;";"4030182000102;CABINDA PARTICIPAÇÕES SA;CABI3B;;"
4,03E+12;CACONDE PARTICIPAÇÕES SA;CACO3B;;;"4031213000131;CACONDE PARTICIPAÇÕES SA;CACO3B;;";"4031213000131;CACONDE PARTICIPAÇÕES SA;CACO3B;;"
4,04E+12;CAIANDA PARTICIPAÇÕES SA;CAIA3B;;;"4038763000182;CAIANDA PARTICIPAÇÕES SA;CAIA3B;;";"4038763000182;CAIANDA PARTICIPAÇÕES SA;CAIA3B;;"
2,25E+13;CAIXA SEGURIDADE PARTICIPAÇÕES S.A.;;;;"22543331000100;CAIXA SEGURIDADE PARTICIPAÇÕES S.A.;;;";"22543331000100;CAIXA SEGURIDADE PARTICIPAÇÕES S.A.;;;"
6,11E+13;CAMBUCI SA;CAMB3;;;"61088894000108;CAMBUCI SA;CAMB3;;";"61088894000108;CAMBUCI SA;CAMB3;;"
6,49E+13;CAMIL ALIMENTOS S/A;CAML3;;;"64904295000103;CAMIL ALIMENTOS S/A;CAML3;;";"64904295000103;CAMIL ALIMENTOS S/A;CAML3;;"
1,49E+13;CBO HOLDING S.A.;;;;"14882295000181;CBO HOLDING S.A.;;;";"14882295000181;CBO HOLDING S.A.;;;"
2,85E+12;CCR S.A.;CCRO3;;;"2846056000197;CCR S.A.;CCRO3;;";"2846056000197;CCR S.A.;CCRO3;;"
7,95E+12;CCX CARVÃO DA COLOMBIA S.A. - EM LIQUIDAÇÃO;CCXC3;;;"7950674000104;CCX CARVÃO DA COLOMBIA S.A. - EM LIQUIDAÇÃO;CCXC3;;";"7950674000104;CCX CARVÃO DA COLOMBIA S.A. - EM LIQUIDAÇÃO;CCXC3;;"
9,38E+13;CEMEPE INVESTIMENTOS SA;MAPT3;MAPT4;;"93828986000173;CEMEPE INVESTIMENTOS SA;MAPT3;MAPT4;";"93828986000173;CEMEPE INVESTIMENTOS SA;MAPT3;MAPT4;"
1,18E+09;CENTRAIS ELETRICAS BRASILEIRAS SA;ELET3;ELET5;ELET6;"1180000126;CENTRAIS ELETRICAS BRASILEIRAS SA;ELET3;ELET5;";"1180000126;CENTRAIS ELETRICAS BRASILEIRAS SA;ELET3;ELET5;ELET6"
8,39E+13;CENTRAIS ELETRICAS DE SANTA CATARINA S.A;CLSC3;CLSC4;;"83878892000155;CENTRAIS ELETRICAS DE SANTA CATARINA S.A;CLSC3;CLSC4;";"83878892000155;CENTRAIS ELETRICAS DE SANTA CATARINA S.A;CLSC3;CLSC4;"
4,28E+13;CENTRO DE IMAGEM DIAGNÓSTICOS S.A.;AALR3;;;"42771949000135;CENTRO DE IMAGEM DIAGNÓSTICOS S.A.;AALR3;;";"42771949000135;CENTRO DE IMAGEM DIAGNÓSTICOS S.A.;AALR3;;"
6,09E+13;CESP - COMPANHIA ENERGÉTICA DE SÃO PAULO;CESP3;CESP5;CESP6;"60933603000178;CESP - COMPANHIA ENERGÉTICA DE SÃO PAULO;CESP3;CESP5;";"60933603000178;CESP - COMPANHIA ENERGÉTICA DE SÃO PAULO;CESP3;CESP5;CESP6"
8,25E+13;CIA CAT. DE ÁGUAS E SANEAMENTO - CASAN;CASN3;CASN4;;"82508433000117;CIA CAT. DE ÁGUAS E SANEAMENTO - CASAN;CASN3;CASN4;";"82508433000117;CIA CAT. DE ÁGUAS E SANEAMENTO - CASAN;CASN3;CASN4;"
1,51E+13;CIA DE ELETRICIDADE DO ESTADO DA BAHIA - COELBA;CEEB3;CEEB5;CEEB6;"15139629000194;CIA DE ELETRICIDADE DO ESTADO DA BAHIA - COELBA;CEEB3;CEEB5;";"15139629000194;CIA DE ELETRICIDADE DO ESTADO DA BAHIA - COELBA;CEEB3;CEEB5;CEEB6"
1,94E+12;CIA DE PARTICIPAÇÕES ALIANÇA DA BAHIA;PEAB3;PEAB4;;"1938783000111;CIA DE PARTICIPAÇÕES ALIANÇA DA BAHIA;PEAB3;PEAB4;";"1938783000111;CIA DE PARTICIPAÇÕES ALIANÇA DA BAHIA;PEAB3;PEAB4;"
7,05E+12;CIA ENERG CEARA - COELCE;COCE3;COCE5;COCE6;"7047251000170;CIA ENERG CEARA - COELCE;COCE3;COCE5;";"7047251000170;CIA ENERG CEARA - COELCE;COCE3;COCE5;COCE6"
1,72E+13;CIA ENERG MINAS GERAIS - CEMIG;CMIG3;CMIG4;;"17155730000164;CIA ENERG MINAS GERAIS - CEMIG;CMIG3;CMIG4;";"17155730000164;CIA ENERG MINAS GERAIS - CEMIG;CMIG3;CMIG4;"
1,08E+13;CIA ENERGÉTICA DE PERNAMBUCO - CELPE;CEPE3;CEPE5;CEPE6;"10835932000108;CIA ENERGÉTICA DE PERNAMBUCO - CELPE;CEPE3;CEPE5;";"10835932000108;CIA ENERGÉTICA DE PERNAMBUCO - CELPE;CEPE3;CEPE5;CEPE6"
8,32E+12;CIA ENERGÉTICA DO RIO GRANDE DO NORTE;CSRN3;CSRN5;CSRN6;"8324196000181;CIA ENERGÉTICA DO RIO GRANDE DO NORTE;CSRN3;CSRN5;";"8324196000181;CIA ENERGÉTICA DO RIO GRANDE DO NORTE;CSRN3;CSRN5;CSRN6"
3,34E+13;CIA ESTADUAL DE ÁGUAS E ESGOTOS - CEDAE;;;;"33352394000104;CIA ESTADUAL DE ÁGUAS E ESGOTOS - CEDAE;;;";"33352394000104;CIA ESTADUAL DE ÁGUAS E ESGOTOS - CEDAE;;;"
8,47E+12;CIA ESTADUAL DE DISTRIBUIÇÃO DE ENERGIA ELETRICA;CEED3;CEED4;;"8467115000100;CIA ESTADUAL DE DISTRIBUIÇÃO DE ENERGIA ELETRICA;CEED3;CEED4;";"8467115000100;CIA ESTADUAL DE DISTRIBUIÇÃO DE ENERGIA ELETRICA;CEED3;CEED4;"
9,27E+13;CIA ESTADUAL DE GERACAO E TRANSMISSAO DE ENERGIA ELETRICA;EEEL3;EEEL4;;"92715812000131;CIA ESTADUAL DE GERACAO E TRANSMISSAO DE ENERGIA ELETRICA;EEEL3;EEEL4;";"92715812000131;CIA ESTADUAL DE GERACAO E TRANSMISSAO DE ENERGIA ELETRICA;EEEL3;EEEL4;"
1,51E+13;CIA FERRO LIGAS BAHIA FERBASA;FESA3;FESA4;;"15141799000103;CIA FERRO LIGAS BAHIA FERBASA;FESA3;FESA4;";"15141799000103;CIA FERRO LIGAS BAHIA FERBASA;FESA3;FESA4;"
7,89E+13;CIA HERING;HGTX3;;;"78876950000171;CIA HERING;HGTX3;;";"78876950000171;CIA HERING;HGTX3;;"
3,35E+13;CIA HIDRO ELÉTRICA DO SÃO FRANCISCO;;;;"33541368000116;CIA HIDRO ELÉTRICA DO SÃO FRANCISCO;;;";"33541368000116;CIA HIDRO ELÉTRICA DO SÃO FRANCISCO;;;"
8,30E+13;CIA INDUSTRIAL SCHLOSSER S.A.;;;;"82981929000103;CIA INDUSTRIAL SCHLOSSER S.A.;;;";"82981929000103;CIA INDUSTRIAL SCHLOSSER S.A.;;;"
4,38E+13;CIA SANEAMENTO BÁSICO ESTADO SÃO PAULO;SBSP3;;;"43776517000180;CIA SANEAMENTO BÁSICO ESTADO SÃO PAULO;SBSP3;;";"43776517000180;CIA SANEAMENTO BÁSICO ESTADO SÃO PAULO;SBSP3;;"
1,51E+13;CIA SEGUROS ALIANCA BAHIA;CSAB3;CSAB4;;"15144017000190;CIA SEGUROS ALIANCA BAHIA;CSAB3;CSAB4;";"15144017000190;CIA SEGUROS ALIANCA BAHIA;CSAB3;CSAB4;"
3,30E+13;CIA SIDERURGICA NACIONAL;CSNA3;;;"33042730000104;CIA SIDERURGICA NACIONAL;CSNA3;;";"33042730000104;CIA SIDERURGICA NACIONAL;CSNA3;;"
2,27E+13;CIA TECIDOS NORTE DE MINAS - COTEMINAS;CTNM3;CTNM4;;"22677520000176;CIA TECIDOS NORTE DE MINAS - COTEMINAS;CTNM3;CTNM4;";"22677520000176;CIA TECIDOS NORTE DE MINAS - COTEMINAS;CTNM3;CTNM4;"
2,13E+13;CIA TECIDOS SANTANENSE;CTSA3;CTSA4;CTSA8;"21255567000189;CIA TECIDOS SANTANENSE;CTSA3;CTSA4;";"21255567000189;CIA TECIDOS SANTANENSE;CTSA3;CTSA4;CTSA8"
7,65E+13;CIA. DE SANEAMENTO DO PARANÁ - SANEPAR;SAPR11;SAPR3;SAPR4;"76484013000145;CIA. DE SANEAMENTO DO PARANÁ - SANEPAR;SAPR11;SAPR3;";"76484013000145;CIA. DE SANEAMENTO DO PARANÁ - SANEPAR;SAPR11;SAPR3;SAPR4"
3,39E+13;CIA. DISTRIB. DE GÁS DO RIO DE JANEIRO;CEGR3;;;"33938119000169;CIA. DISTRIB. DE GÁS DO RIO DE JANEIRO;CEGR3;;";"33938119000169;CIA. DISTRIB. DE GÁS DO RIO DE JANEIRO;CEGR3;;"
1,03E+12;CIELO S.A.;CIEL3;;;"1027058000191;CIELO S.A.;CIEL3;;";"1027058000191;CIELO S.A.;CIEL3;;"
2,72E+11;CIMS SA;CMSA3;CMSA4;;"272185000193;CIMS SA;CMSA3;CMSA4;";"272185000193;CIMS SA;CMSA3;CMSA4;"
7,44E+12;CINESYSTEM S.A.;CNSY3;;;"7437016000105;CINESYSTEM S.A.;CNSY3;;";"7437016000105;CINESYSTEM S.A.;CNSY3;;"
7,04E+12;CLARO TELECOM PARTICIPAÇÕES S.A.;;;;"7043628000113;CLARO TELECOM PARTICIPAÇÕES S.A.;;;";"7043628000113;CLARO TELECOM PARTICIPAÇÕES S.A.;;;"
1,24E+13;CM HOSPITALAR S.A;;;;"12420164000157;CM HOSPITALAR S.A;;;";"12420164000157;CM HOSPITALAR S.A;;;"
6,11E+13;COBRASMA SA;;;;"61080313000191;COBRASMA SA;;;";"61080313000191;COBRASMA SA;;;"
2,80E+12;COGNA EDUCAÇÃO S.A.;COGN3;;;"2800026000140;COGNA EDUCAÇÃO S.A.;COGN3;;";"2800026000140;COGNA EDUCAÇÃO S.A.;COGN3;;"
6,07E+13;COMPANHIA  MELHORAMENTOS DE SÃO PAULO;MSPA3;MSPA4;;"60730348000166;COMPANHIA  MELHORAMENTOS DE SÃO PAULO;MSPA3;MSPA4;";"60730348000166;COMPANHIA  MELHORAMENTOS DE SÃO PAULO;MSPA3;MSPA4;"
4,75E+13;COMPANHIA BRASILEIRA DE DISTRIBUIÇÃO;PCAR3;PCAR4;;"47508411000156;COMPANHIA BRASILEIRA DE DISTRIBUIÇÃO;PCAR3;PCAR4;";"47508411000156;COMPANHIA BRASILEIRA DE DISTRIBUIÇÃO;PCAR3;PCAR4;"
8,56E+12;COMPANHIA CELG DE PARTICIPAÇÕES;GPAR3;;;"8560444000193;COMPANHIA CELG DE PARTICIPAÇÕES;GPAR3;;";"8560444000193;COMPANHIA CELG DE PARTICIPAÇÕES;GPAR3;;"
7,04E+12;COMPANHIA DE ÁGUA E ESGOTO DO CEARÁ;;;;"7040108000157;COMPANHIA DE ÁGUA E ESGOTO DO CEARÁ;;;";"7040108000157;COMPANHIA DE ÁGUA E ESGOTO DO CEARÁ;;;"
1,72E+13;COMPANHIA DE FIACAO E TECIDOS CEDRO E CACHOEIRA;CEDO3;CEDO4;;"17245234000100;COMPANHIA DE FIACAO E TECIDOS CEDRO E CACHOEIRA;CEDO3;CEDO4;";"17245234000100;COMPANHIA DE FIACAO E TECIDOS CEDRO E CACHOEIRA;CEDO3;CEDO4;"
6,19E+13;COMPANHIA DE GÁS DE SÃO PAULO - COMGÁS;CGAS3;CGAS5;;"61856571000117;COMPANHIA DE GÁS DE SÃO PAULO - COMGÁS;CGAS3;CGAS5;";"61856571000117;COMPANHIA DE GÁS DE SÃO PAULO - COMGÁS;CGAS3;CGAS5;"
1,02E+13;COMPANHIA DE LOCAÇÃO DAS AMERICAS;LCAM3;;;"10215988000160;COMPANHIA DE LOCAÇÃO DAS AMERICAS;LCAM3;;";"10215988000160;COMPANHIA DE LOCAÇÃO DAS AMERICAS;LCAM3;;"
1,73E+13;COMPANHIA DE SANEAMENTO DE MINAS GERAIS;CSMG3;;;"17281106000103;COMPANHIA DE SANEAMENTO DE MINAS GERAIS;CSMG3;;";"17281106000103;COMPANHIA DE SANEAMENTO DE MINAS GERAIS;CSMG3;;"
7,07E+10;COMPANHIA ENERGÉTICA DE BRASÍLIA - CEB;CEBR3;CEBR5;CEBR6;"70698000111;COMPANHIA ENERGÉTICA DE BRASÍLIA - CEB;CEBR3;CEBR5;";"70698000111;COMPANHIA ENERGÉTICA DE BRASÍLIA - CEB;CEBR3;CEBR5;CEBR6"
1,95E+13;COMPANHIA INDUSTRIAL CATAGUASES;CATA3;CATA4;;"19526748000150;COMPANHIA INDUSTRIAL CATAGUASES;CATA3;CATA4;";"19526748000150;COMPANHIA INDUSTRIAL CATAGUASES;CATA3;CATA4;"
2,13E+13;COMPANHIA ITAUNENSE ENERGIA E PARTICIPAÇÕES;;;;"21254073000180;COMPANHIA ITAUNENSE ENERGIA E PARTICIPAÇÕES;;;";"21254073000180;COMPANHIA ITAUNENSE ENERGIA E PARTICIPAÇÕES;;;"
7,65E+13;COMPANHIA PARANAENSE DE ENERGIA;CPLE3;CPLE5;CPLE6;"76483817000120;COMPANHIA PARANAENSE DE ENERGIA;CPLE3;CPLE5;";"76483817000120;COMPANHIA PARANAENSE DE ENERGIA;CPLE3;CPLE5;CPLE6"
8,78E+13;COMPANHIIA HABITASUL DE PARTICIPAÇÕES;HBTS3;HBTS5;HBTS6;"87762563000103;COMPANHIIA HABITASUL DE PARTICIPAÇÕES;HBTS3;HBTS5;";"87762563000103;COMPANHIIA HABITASUL DE PARTICIPAÇÕES;HBTS3;HBTS5;HBTS6"
2,14E+13;COMPASS GÁS E ENERGIA S.A.;;;;"21389501000181;COMPASS GÁS E ENERGIA S.A.;;;";"21389501000181;COMPASS GÁS E ENERGIA S.A.;;;"
9,39E+11;CONCESSIONARIA RIO-TERESOPOLIS SA;CRTE3B;CRTE5B;;"938574000105;CONCESSIONARIA RIO-TERESOPOLIS SA;CRTE3B;CRTE5B;";"938574000105;CONCESSIONARIA RIO-TERESOPOLIS SA;CRTE3B;CRTE5B;"
9,12E+12;CONPEL CIA. NORDESTINA DE PAPEL - EM RECUPERAÇÃO JUDICIAL;;;;"9116278000101;CONPEL CIA. NORDESTINA DE PAPEL - EM RECUPERAÇÃO JUDICIAL;;;";"9116278000101;CONPEL CIA. NORDESTINA DE PAPEL - EM RECUPERAÇÃO JUDICIAL;;;"
9,72E+13;CONSERVAS ODERICH SA;ODER3;ODER4;;"97191902000194;CONSERVAS ODERICH SA;ODER3;ODER4;";"97191902000194;CONSERVAS ODERICH SA;ODER3;ODER4;"
1,72E+13;CONSORCIO ALFA DE ADMINISTRAÇÃO SA;BRGE11;BRGE12;BRGE3;"17193806000146;CONSORCIO ALFA DE ADMINISTRAÇÃO SA;BRGE11;BRGE12;";"17193806000146;CONSORCIO ALFA DE ADMINISTRAÇÃO SA;BRGE11;BRGE12;BRGE3"
6,10E+13;CONST ADOLPHO LINDENBERG SA;CALI3;CALI4;;"61022042000118;CONST ADOLPHO LINDENBERG SA;CALI3;CALI4;";"61022042000118;CONST ADOLPHO LINDENBERG SA;CALI3;CALI4;"
8,97E+13;CONST SULTEPA SA - EM RECUPERAÇÃO JUDICIAL;;;;"89723993000133;CONST SULTEPA SA - EM RECUPERAÇÃO JUDICIAL;;;";"89723993000133;CONST SULTEPA SA - EM RECUPERAÇÃO JUDICIAL;;;"
7,15E+13;CONSTRUTORA TENDA S/A;TEND3;;;"71476527000135;CONSTRUTORA TENDA S/A;TEND3;;";"71476527000135;CONSTRUTORA TENDA S/A;TEND3;;"
1,51E+13;CORREA RIBEIRO SA COM IND;CORR3;CORR4;;"15101405000193;CORREA RIBEIRO SA COM IND;CORR3;CORR4;";"15101405000193;CORREA RIBEIRO SA COM IND;CORR3;CORR4;"
1,73E+13;COSAN LOGÍSTICA S.A.;RLOG3;;;"17346997000139;COSAN LOGÍSTICA S.A.;RLOG3;;";"17346997000139;COSAN LOGÍSTICA S.A.;RLOG3;;"
5,07E+13;COSAN S.A.;CSAN3;;;"50746577000115;COSAN S.A.;CSAN3;;";"50746577000115;COSAN S.A.;CSAN3;;"
2,43E+12;CPFL ENERGIA SA;CPFE3;;;"2429144000193;CPFL ENERGIA SA;CPFE3;;";"2429144000193;CPFL ENERGIA SA;CPFE3;;"
7,82E+12;CR2 EMPREENDIMENTOS IMOBILIÁRIOS S/A;CRDE3;;;"7820907000146;CR2 EMPREENDIMENTOS IMOBILIÁRIOS S/A;CRDE3;;";"7820907000146;CR2 EMPREENDIMENTOS IMOBILIÁRIOS S/A;CRDE3;;"
6,30E+13;CRUZEIRO DO SUL EDUCACIONAL S.A.;CSED3;;;"62984091000102;CRUZEIRO DO SUL EDUCACIONAL S.A.;CSED3;;";"62984091000102;CRUZEIRO DO SUL EDUCACIONAL S.A.;CSED3;;"
8,90E+12;CSN MINERAÇÃO S.A.;;;;"8902291000115;CSN MINERAÇÃO S.A.;;;";"8902291000115;CSN MINERAÇÃO S.A.;;;"
1,90E+12;CSU CARDSYSTEM S/A;CARD3;;;"1896779000138;CSU CARDSYSTEM S/A;CARD3;;";"1896779000138;CSU CARDSYSTEM S/A;CARD3;;"
6,98E+12;CTC - CENTRO DE TECNOLOGIA CANAVIEIRA S.A.;CTCA3;;;"6981381000113;CTC - CENTRO DE TECNOLOGIA CANAVIEIRA S.A.;CTCA3;;";"6981381000113;CTC - CENTRO DE TECNOLOGIA CANAVIEIRA S.A.;CTCA3;;"
3,00E+12;CTEEP-CIA TRANSM ENERGIA ELÉTR. PAULISTA;TRPL3;TRPL4;;"2998611000104;CTEEP-CIA TRANSM ENERGIA ELÉTR. PAULISTA;TRPL3;TRPL4;";"2998611000104;CTEEP-CIA TRANSM ENERGIA ELÉTR. PAULISTA;TRPL3;TRPL4;"
8,80E+12;CURY CONSTRUTORA E INCORPORADORA S.A.;CURY3;;;"8797760000183;CURY CONSTRUTORA E INCORPORADORA S.A.;CURY3;;";"8797760000183;CURY CONSTRUTORA E INCORPORADORA S.A.;CURY3;;"
1,08E+13;CVC BRASIL OPERADORA E AGÊNCIA DE VIAGENS SA;CVCB3;;;"10760260000119;CVC BRASIL OPERADORA E AGÊNCIA DE VIAGENS SA;CVCB3;;";"10760260000119;CVC BRASIL OPERADORA E AGÊNCIA DE VIAGENS SA;CVCB3;;"
7,32E+13;CYRELA BRAZIL REALTY SA EMPRS E PARTS;CYRE3;;;"73178600000118;CYRELA BRAZIL REALTY SA EMPRS E PARTS;CYRE3;;";"73178600000118;CYRELA BRAZIL REALTY SA EMPRS E PARTS;CYRE3;;"
8,80E+12;CYRELA COMMERCIAL PROPERTIES SA EMP  PART;CCPR3;;;"8801621000186;CYRELA COMMERCIAL PROPERTIES SA EMP  PART;CCPR3;;";"8801621000186;CYRELA COMMERCIAL PROPERTIES SA EMP  PART;CCPR3;;"
1,21E+13;D1000 VAREJO FARMA PARTICIPAÇÕES S.A.;DMVF3;;;"12108897000150;D1000 VAREJO FARMA PARTICIPAÇÕES S.A.;DMVF3;;";"12108897000150;D1000 VAREJO FARMA PARTICIPAÇÕES S.A.;DMVF3;;"
6,15E+13;DIAGNOSTICOS DA AMERICA SA;DASA3;;;"61486650000183;DIAGNOSTICOS DA AMERICA SA;DASA3;;";"61486650000183;DIAGNOSTICOS DA AMERICA SA;DASA3;;"
9,27E+13;DIMED SA DISTRIBUIDORA DE MEDICAMENTOS;PNVL3;PNVL4;;"92665611000177;DIMED SA DISTRIBUIDORA DE MEDICAMENTOS;PNVL3;PNVL4;";"92665611000177;DIMED SA DISTRIBUIDORA DE MEDICAMENTOS;PNVL3;PNVL4;"
1,66E+13;DIRECIONAL ENGENHARIA SA;DIRR3;;;"16614075000100;DIRECIONAL ENGENHARIA SA;DIRR3;;";"16614075000100;DIRECIONAL ENGENHARIA SA;DIRR3;;"
8,47E+13;DOHLER S.A.;DOHL3;DOHL4;;"84683408000103;DOHLER S.A.;DOHL3;DOHL4;";"84683408000103;DOHLER S.A.;DOHL3;DOHL4;"
8,93E+12;DOMMO ENERGIA S.A.;DMMO11;DMMO3;;"8926302000105;DOMMO ENERGIA S.A.;DMMO11;DMMO3;";"8926302000105;DOMMO ENERGIA S.A.;DMMO11;DMMO3;"
3,30E+12;DTCOM - DIRECT TO COMPANY S.A.;DTCY3;DTCY4;;"3303999000136;DTCOM - DIRECT TO COMPANY S.A.;DTCY3;DTCY4;";"3303999000136;DTCOM - DIRECT TO COMPANY S.A.;DTCY3;DTCY4;"
9,78E+13;DURATEX S.A.;DTEX3;;;"97837181000147;DURATEX S.A.;DTEX3;;";"97837181000147;DURATEX S.A.;DTEX3;;"
4,15E+12;ECORODOVIAS INFRAESTRUTURA E LOGÍSTICA S.A.;ECOR3;;;"4149454000180;ECORODOVIAS INFRAESTRUTURA E LOGÍSTICA S.A.;ECOR3;;";"4149454000180;ECORODOVIAS INFRAESTRUTURA E LOGÍSTICA S.A.;ECOR3;;"
3,98E+12;EDP ENERGIAS DO BRASIL S/A;ENBR3;;;"3983431000103;EDP ENERGIAS DO BRASIL S/A;ENBR3;;";"3983431000103;EDP ENERGIAS DO BRASIL S/A;ENBR3;;"
8,26E+13;ELECTRO AÇO ALTONA S/A;EALT3;EALT4;;"82643537000134;ELECTRO AÇO ALTONA S/A;EALT3;EALT4;";"82643537000134;ELECTRO AÇO ALTONA S/A;EALT3;EALT4;"
2,33E+12;ELEKTRO REDES S.A.;EKTR3;EKTR4;;"2328280000197;ELEKTRO REDES S.A.;EKTR3;EKTR4;";"2328280000197;ELEKTRO REDES S.A.;EKTR3;EKTR4;"
1,10E+12;ELETROBRÁS PARTICIPAÇÕES S.A. - ELETROPAR;LIPR3;;;"1104937000170;ELETROBRÁS PARTICIPAÇÕES S.A. - ELETROPAR;LIPR3;;";"1104937000170;ELETROBRÁS PARTICIPAÇÕES S.A. - ELETROPAR;LIPR3;;"
9,35E+12;ELETROMIDIA S.A.;ELMD3;;;"9347516000181;ELETROMIDIA S.A.;ELMD3;;";"9347516000181;ELETROMIDIA S.A.;ELMD3;;"
9,05E+12;ELFA MEDICAMENTOS S.A.;;;;"9053134000145;ELFA MEDICAMENTOS S.A.;;;";"9053134000145;ELFA MEDICAMENTOS S.A.;;;"
2,30E+12;EMAE-EMP.METROPOLITANA ÁGUAS ENERGIA S.A;EMAE3;EMAE4;;"2302101000142;EMAE-EMP.METROPOLITANA ÁGUAS ENERGIA S.A;EMAE3;EMAE4;";"2302101000142;EMAE-EMP.METROPOLITANA ÁGUAS ENERGIA S.A;EMAE3;EMAE4;"
7,69E+12;EMBRAER S.A.;EMBR3;;;"7689002000189;EMBRAER S.A.;EMBR3;;";"7689002000189;EMBRAER S.A.;EMBR3;;"
1,97E+12;EMP.NAC. DE COMÉRCIO, RÉDITO E PART. S.A. - ENCORPAR;ECPR3;ECPR4;;"1971614000183;EMP.NAC. DE COMÉRCIO, RÉDITO E PART. S.A. - ENCORPAR;ECPR3;ECPR4;";"1971614000183;EMP.NAC. DE COMÉRCIO, RÉDITO E PART. S.A. - ENCORPAR;ECPR3;ECPR4;"
6,63E+12;EMPREENDIMENTOS PAGUE MENOS SA;PGMN3;;;"6626253000151;EMPREENDIMENTOS PAGUE MENOS SA;PGMN3;;";"6626253000151;EMPREENDIMENTOS PAGUE MENOS SA;PGMN3;;"
1,17E+13;ENAUTA PARTICIPAÇÕES S.A.;ENAT3;;;"11669021000110;ENAUTA PARTICIPAÇÕES S.A.;ENAT3;;";"11669021000110;ENAUTA PARTICIPAÇÕES S.A.;ENAT3;;"
2,13E+13;ENCALSO PARTICIPAÇÕES EM CONCESSÕES S.A.;;;;"21262638000170;ENCALSO PARTICIPAÇÕES EM CONCESSÕES S.A.;;;";"21262638000170;ENCALSO PARTICIPAÇÕES EM CONCESSÕES S.A.;;;"
3,47E+12;ENERGISA MATO GROSSO - DISTRIBUIDORA DE ENERGIA S.A.;ENMT3;ENMT4;;"3467321000199;ENERGISA MATO GROSSO - DISTRIBUIDORA DE ENERGIA S.A.;ENMT3;ENMT4;";"3467321000199;ENERGISA MATO GROSSO - DISTRIBUIDORA DE ENERGIA S.A.;ENMT3;ENMT4;"
8,64E+11;ENERGISA SA;ENGI11;ENGI12;ENGI3;"864214000106;ENERGISA SA;ENGI11;ENGI12;";"864214000106;ENERGISA SA;ENGI11;ENGI12;ENGI3"
4,42E+12;ENEVA S.A.;ENEV3;;;"4423567000121;ENEVA S.A.;ENEV3;;";"4423567000121;ENEVA S.A.;ENEV3;;"
2,47E+12;ENGIE BRASIL ENERGIA S.A.;EGIE3;;;"2474103000119;ENGIE BRASIL ENERGIA S.A.;EGIE3;;";"2474103000119;ENGIE BRASIL ENERGIA S.A.;EGIE3;;"
1,69E+13;ENJOEI.COM.BR ATIVIDADES DE INTERNET S.A.;ENJU3;;;"16922038000151;ENJOEI.COM.BR ATIVIDADES DE INTERNET S.A.;ENJU3;;";"16922038000151;ENJOEI.COM.BR ATIVIDADES DE INTERNET S.A.;ENJU3;;"
3,22E+12;EQUATORIAL ENERGIA S/A;EQTL3;;;"3220438000173;EQUATORIAL ENERGIA S/A;EQTL3;;";"3220438000173;EQUATORIAL ENERGIA S/A;EQTL3;;"
6,27E+12;EQUATORIAL MARANHÃO DISTRIBUIDORA DE ENERGIA S.A.;EQMA3B;EQMA5B;EQMA6B;"6272793000184;EQUATORIAL MARANHÃO DISTRIBUIDORA DE ENERGIA S.A.;EQMA3B;EQMA5B;";"6272793000184;EQUATORIAL MARANHÃO DISTRIBUIDORA DE ENERGIA S.A.;EQMA3B;EQMA5B;EQMA6B"
4,90E+12;EQUATORIAL PARÁ DISTRIBUIDORA DE ENERGIA S.A.;EQPA3;EQPA5;EQPA6;"4895728000180;EQUATORIAL PARÁ DISTRIBUIDORA DE ENERGIA S.A.;EQPA3;EQPA5;";"4895728000180;EQUATORIAL PARÁ DISTRIBUIDORA DE ENERGIA S.A.;EQPA3;EQPA5;EQPA6"
6,11E+13;ETERNIT S.A.- EM RECUPERAÇÃO JUDICIAL;ETER3;;;"61092037000181;ETERNIT S.A.- EM RECUPERAÇÃO JUDICIAL;ETER3;;";"61092037000181;ETERNIT S.A.- EM RECUPERAÇÃO JUDICIAL;ETER3;;"
5,66E+13;EUCATEX SA IND E COMERCIO;EUCA3;EUCA4;;"56643018000166;EUCATEX SA IND E COMERCIO;EUCA3;EUCA4;";"56643018000166;EUCATEX SA IND E COMERCIO;EUCA3;EUCA4;"
4,35E+13;EVEN CONSTRUTORA E INCORPORADORA S/A;EVEN3;;;"43470988000165;EVEN CONSTRUTORA E INCORPORADORA S/A;EVEN3;;";"43470988000165;EVEN CONSTRUTORA E INCORPORADORA S/A;EVEN3;;"
9,54E+13;EXCELSIOR ALIMENTOS SA.;BAUH3;BAUH4;;"95426862000197;EXCELSIOR ALIMENTOS SA.;BAUH3;BAUH4;";"95426862000197;EXCELSIOR ALIMENTOS SA.;BAUH3;BAUH4;"
3,57E+13;EZ INC INCORPORAÇÕES COMERCIAIS S.A.;;;;"35727157000106;EZ INC INCORPORAÇÕES COMERCIAIS S.A.;;;";"35727157000106;EZ INC INCORPORAÇÕES COMERCIAIS S.A.;;;"
8,31E+12;EZ TEC EMPREEND. E PARTICIPAÇÕES S/A;EZTC3;;;"8312229000173;EZ TEC EMPREEND. E PARTICIPAÇÕES S/A;EZTC3;;";"8312229000173;EZ TEC EMPREEND. E PARTICIPAÇÕES S/A;EZTC3;;"
7,94E+13;FARMÁCIA E DROGARIA NISSEI S.A.;;;;"79430682000122;FARMÁCIA E DROGARIA NISSEI S.A.;;;";"79430682000122;FARMÁCIA E DROGARIA NISSEI S.A.;;;"
7,44E+13;FENICIAPAR S/A;;;;"74409467000126;FENICIAPAR S/A;;;";"74409467000126;FENICIAPAR S/A;;;"
9,24E+11;FERROVIA CENTRO ATLANTICA SA;VSPT3;VSPT4;;"924429000175;FERROVIA CENTRO ATLANTICA SA;VSPT3;VSPT4;";"924429000175;FERROVIA CENTRO ATLANTICA SA;VSPT3;VSPT4;"
2,23E+13;FERTILIZANTES HERINGER S.A. - EM RECUPERAÇÃO JUDICIAL;FHER3;;;"22266175000188;FERTILIZANTES HERINGER S.A. - EM RECUPERAÇÃO JUDICIAL;FHER3;;";"22266175000188;FERTILIZANTES HERINGER S.A. - EM RECUPERAÇÃO JUDICIAL;FHER3;;"
1,72E+13;FIACAO E TECELAGEM SAO JOSE S/A - EM RECUPERAÇÃO JUDICIAL;;;;"17159005000164;FIACAO E TECELAGEM SAO JOSE S/A - EM RECUPERAÇÃO JUDICIAL;;;";"17159005000164;FIACAO E TECELAGEM SAO JOSE S/A - EM RECUPERAÇÃO JUDICIAL;;;"
1,72E+13;FINANCEIRA ALFA S.A.- C.F.I;CRIV3;CRIV4;;"17167412000113;FINANCEIRA ALFA S.A.- C.F.I;CRIV3;CRIV4;";"17167412000113;FINANCEIRA ALFA S.A.- C.F.I;CRIV3;CRIV4;"
9,17E+13;FINANSINOS S/A-CRÉDITO, FINAN. E INVEST.;FNCN3;;;"91669747000192;FINANSINOS S/A-CRÉDITO, FINAN. E INVEST.;FNCN3;;";"91669747000192;FINANSINOS S/A-CRÉDITO, FINAN. E INVEST.;FNCN3;;"
6,08E+13;FLEURY SA;FLRY3;;;"60840055000131;FLEURY SA;FLRY3;;";"60840055000131;FLEURY SA;FLRY3;;"
1,09E+13;FLEX GESTÃO DE RELACIONAMENTO S.A.;FLEX3;;;"10851805000100;FLEX GESTÃO DE RELACIONAMENTO S.A.;FLEX3;;";"10851805000100;FLEX GESTÃO DE RELACIONAMENTO S.A.;FLEX3;;"
2,67E+13;FOCUS ENERGIA HOLDING PARTICIPAÇÕES S.A.;POWE3;;;"26735020000102;FOCUS ENERGIA HOLDING PARTICIPAÇÕES S.A.;POWE3;;";"26735020000102;FOCUS ENERGIA HOLDING PARTICIPAÇÕES S.A.;POWE3;;"
2,50E+11;FORPART S.A. - EM LIQUIDAÇÃO;;;;"249786000185;FORPART S.A. - EM LIQUIDAÇÃO;;;";"249786000185;FORPART S.A. - EM LIQUIDAÇÃO;;;"
8,86E+13;FRAS-LE SA;FRAS3;;;"88610126000129;FRAS-LE SA;FRAS3;;";"88610126000129;FRAS-LE SA;FRAS3;;"
2,47E+12;FUTURETEL S.A. - EM LIQUIDAÇÃO;;;;"2465783000104;FUTURETEL S.A. - EM LIQUIDAÇÃO;;;";"2465783000104;FUTURETEL S.A. - EM LIQUIDAÇÃO;;;"
1,55E+12;GAFISA SA;GFSA3;;;"1545826000107;GAFISA SA;GFSA3;;";"1545826000107;GAFISA SA;GFSA3;;"
2,80E+12;GAMA PARTICIPAÇÕES S.A.;OPGM3B;;;"2796775000140;GAMA PARTICIPAÇÕES S.A.;OPGM3B;;";"2796775000140;GAMA PARTICIPAÇÕES S.A.;OPGM3B;;"
8,76E+12;GENERAL SHOPPING E OUTLETS DO BRASIL S.A.;GSHP3;;;"8764621000153;GENERAL SHOPPING E OUTLETS DO BRASIL S.A.;GSHP3;;";"8764621000153;GENERAL SHOPPING E OUTLETS DO BRASIL S.A.;GSHP3;;"
3,36E+13;GERDAU S.A.;GGBR3;GGBR4;;"33611500000119;GERDAU S.A.;GGBR3;GGBR4;";"33611500000119;GERDAU S.A.;GGBR3;GGBR4;"
6,16E+12;GOL LINHAS AEREAS INTELIGENTES SA;GOLL11;GOLL12;GOLL4;"6164253000187;GOL LINHAS AEREAS INTELIGENTES SA;GOLL11;GOLL12;";"6164253000187;GOL LINHAS AEREAS INTELIGENTES SA;GOLL11;GOLL12;GOLL4"
2,19E+12;GPC PARTICIPACOES SA;GPCP3;GPCP4;;"2193750000152;GPC PARTICIPACOES SA;GPCP3;GPCP4;";"2193750000152;GPC PARTICIPACOES SA;GPCP3;GPCP4;"
9,23E+12;GPS PARTICIPAÇÕES E EMPREENDIMENTOS S/A;;;;"9229201000130;GPS PARTICIPAÇÕES E EMPREENDIMENTOS S/A;;;";"9229201000130;GPS PARTICIPAÇÕES E EMPREENDIMENTOS S/A;;;"
1,42E+13;GRANBIO INVESTIMENTOS S.A.;;;;"14191427000129;GRANBIO INVESTIMENTOS S.A.;;;";"14191427000129;GRANBIO INVESTIMENTOS S.A.;;;"
9,20E+13;GRAZZIOTIN SA;CGRA3;CGRA4;;"92012467000170;GRAZZIOTIN SA;CGRA3;CGRA4;";"92012467000170;GRAZZIOTIN SA;CGRA3;CGRA4;"
8,99E+13;GRENDENE SA;GRND3;;;"89850341000160;GRENDENE SA;GRND3;;";"89850341000160;GRENDENE SA;GRND3;;"
1,03E+13;GRUPO DE MODA SOMA S.A.;SOMA3;;;"10285590000108;GRUPO DE MODA SOMA S.A.;SOMA3;;";"10285590000108;GRUPO DE MODA SOMA S.A.;SOMA3;;"
2,50E+13;GRUPO MATEUS S.A.;GMAT3;;;"24990777000109;GRUPO MATEUS S.A.;GMAT3;;";"24990777000109;GRUPO MATEUS S.A.;GMAT3;;"
1,32E+13;GRUPO SBF S.A.;CNTO3;;;"13217485000111;GRUPO SBF S.A.;CNTO3;;";"13217485000111;GRUPO SBF S.A.;CNTO3;;"
8,40E+12;GUARARAPES CONFECÇÕES SA;GUAR3;;;"8402943000152;GUARARAPES CONFECÇÕES SA;GUAR3;;";"8402943000152;GUARARAPES CONFECÇÕES SA;GUAR3;;"
3,05E+13;HAGA S.A. INDÚSTRIA E COMÉRCIO;HAGA3;HAGA4;;"30540991000166;HAGA S.A. INDÚSTRIA E COMÉRCIO;HAGA3;HAGA4;";"30540991000166;HAGA S.A. INDÚSTRIA E COMÉRCIO;HAGA3;HAGA4;"
5,20E+12;HAPVIDA PARTICIPAÇÕES E INVESTIMENTOS S.A.;HAPV3;;;"5197443000138;HAPVIDA PARTICIPAÇÕES E INVESTIMENTOS S.A.;HAPV3;;";"5197443000138;HAPVIDA PARTICIPAÇÕES E INVESTIMENTOS S.A.;HAPV3;;"
1,48E+13;HBR REALTY EMPREENDIMENTOS IMOBILIÁRIOS S.A.;HBRE3;;;"14785152000151;HBR REALTY EMPREENDIMENTOS IMOBILIÁRIOS S.A.;HBRE3;;";"14785152000151;HBR REALTY EMPREENDIMENTOS IMOBILIÁRIOS S.A.;HBRE3;;"
4,93E+13;HELBOR EMPREENDIMENTOS S/A;HBOR3;;;"49263189000102;HELBOR EMPREENDIMENTOS S/A;HBOR3;;";"49263189000102;HELBOR EMPREENDIMENTOS S/A;HBOR3;;"
9,27E+13;HERCULES S/A - FABRICA DE TALHERES;HETA3;HETA4;;"92749225000163;HERCULES S/A - FABRICA DE TALHERES;HETA3;HETA4;";"92749225000163;HERCULES S/A - FABRICA DE TALHERES;HETA3;HETA4;"
1,26E+13;HIDROVIAS DO BRASIL S.A.;HBSA3;;;"12648327000153;HIDROVIAS DO BRASIL S.A.;HBSA3;;";"12648327000153;HIDROVIAS DO BRASIL S.A.;HBSA3;;"
3,94E+13;HLASA PARTICIPAÇÕES S.A.;;;;"39393829000137;HLASA PARTICIPAÇÕES S.A.;;;";"39393829000137;HLASA PARTICIPAÇÕES S.A.;;;"
4,02E+13;HMOBI PARTICIPAÇÕES S.A;;;;"40159947000164;HMOBI PARTICIPAÇÕES S.A;;;";"40159947000164;HMOBI PARTICIPAÇÕES S.A;;;"
1,67E+13;HOSPITAL MATER DEI S.A.;;;;"16676520000159;HOSPITAL MATER DEI S.A.;;;";"16676520000159;HOSPITAL MATER DEI S.A.;;;"
3,32E+13;HOTEIS OTHON SA;HOOT3;HOOT4;;"33200049000147;HOTEIS OTHON SA;HOOT3;HOOT4;";"33200049000147;HOTEIS OTHON SA;HOOT3;HOOT4;"
1,57E+13;HOUSI S.A.;;;;"15675715000111;HOUSI S.A.;;;";"15675715000111;HOUSI S.A.;;;"
2,93E+12;HYPERA S/A;HYPE3;;;"2932074000191;HYPERA S/A;HYPE3;;";"2932074000191;HYPERA S/A;HYPE3;;"
4,32E+13;IGB ELETRÔNICA S.A. - EM RECUPERAÇÃO JUDICIAL;IGBR3;;;"43185362000107;IGB ELETRÔNICA S.A. - EM RECUPERAÇÃO JUDICIAL;IGBR3;;";"43185362000107;IGB ELETRÔNICA S.A. - EM RECUPERAÇÃO JUDICIAL;IGBR3;;"
8,16E+12;IGUA SANEAMENTO S.A.;IGSN3;;;"8159965000133;IGUA SANEAMENTO S.A.;IGSN3;;";"8159965000133;IGUA SANEAMENTO S.A.;IGSN3;;"
5,12E+13;IGUATEMI EMPRESA DE SHOPPING CENTERS S/A;IGTA3;;;"51218147000193;IGUATEMI EMPRESA DE SHOPPING CENTERS S/A;IGTA3;;";"51218147000193;IGUATEMI EMPRESA DE SHOPPING CENTERS S/A;IGTA3;;"
9,05E+12;INBRANDS SA;;;;"9054385000144;INBRANDS SA;;;";"9054385000144;INBRANDS SA;;;"
6,06E+13;INDS J B DUARTE SA;JBDU3;JBDU4;;"60637238000154;INDS J B DUARTE SA;JBDU3;JBDU4;";"60637238000154;INDS J B DUARTE SA;JBDU3;JBDU4;"
5,67E+13;INDÚSTRIAS ROMI S.A.;ROMI3;;;"56720428000163;INDÚSTRIAS ROMI S.A.;ROMI3;;";"56720428000163;INDÚSTRIAS ROMI S.A.;ROMI3;;"
2,26E+12;INEPAR EQUIPAMENTOS E MONTAGENS S.A. - EM RECUPERAÇÃO JUDICIAL;;;;"2258422000197;INEPAR EQUIPAMENTOS E MONTAGENS S.A. - EM RECUPERAÇÃO JUDICIAL;;;";"2258422000197;INEPAR EQUIPAMENTOS E MONTAGENS S.A. - EM RECUPERAÇÃO JUDICIAL;;;"
7,66E+13;INEPAR SA IND E CONSTRUÇÕES - EM RECUPERAÇÃO JUDICIAL;INEP3;INEP4;;"76627504000106;INEPAR SA IND E CONSTRUÇÕES - EM RECUPERAÇÃO JUDICIAL;INEP3;INEP4;";"76627504000106;INEPAR SA IND E CONSTRUÇÕES - EM RECUPERAÇÃO JUDICIAL;INEP3;INEP4;"
1,94E+13;INSTITUTO HERMES PARDINI S/A;PARD3;;;"19378769000176;INSTITUTO HERMES PARDINI S/A;PARD3;;";"19378769000176;INSTITUTO HERMES PARDINI S/A;PARD3;;"
8,29E+13;INTELBRAS S.A.;;;;"82901000000127;INTELBRAS S.A.;;;";"82901000000127;INTELBRAS S.A.;;;"
9,61E+12;INTER CONSTRUTORA E INCORPORADORA S.A;INNT3;;;"9611768000176;INTER CONSTRUTORA E INCORPORADORA S.A;INNT3;;";"9611768000176;INTER CONSTRUTORA E INCORPORADORA S.A;INNT3;;"
1,73E+13;INTERNATIONAL MEAL COMPANY ALIMENTAÇÃO S.A.;MEAL3;;;"17314329000120;INTERNATIONAL MEAL COMPANY ALIMENTAÇÃO S.A.;MEAL3;;";"17314329000120;INTERNATIONAL MEAL COMPANY ALIMENTAÇÃO S.A.;MEAL3;;"
3,76E+12;INVEST.E PART.EM INFRA-ESTR.S/A-INVEPAR;IVPR3B;IVPR4B;;"3758318000124;INVEST.E PART.EM INFRA-ESTR.S/A-INVEPAR;IVPR3B;IVPR4B;";"3758318000124;INVEST.E PART.EM INFRA-ESTR.S/A-INVEPAR;IVPR3B;IVPR4B;"
6,45E+11;INVESTCO S/A;;;;"644907000193;INVESTCO S/A;;;";"644907000193;INVESTCO S/A;;;"
1,55E+12;INVESTIMENTOS BEMGE S.A.;FIGE3;FIGE4;;"1548981000179;INVESTIMENTOS BEMGE S.A.;FIGE3;FIGE4;";"1548981000179;INVESTIMENTOS BEMGE S.A.;FIGE3;FIGE4;"
6,12E+13;IOCHPE-MAXION SA;MYPK3;;;"61156113000175;IOCHPE-MAXION SA;MYPK3;;";"61156113000175;IOCHPE-MAXION SA;MYPK3;;"
9,28E+13;IRANI PAPEL E EMBALAGEM S.A.;RANI3;RANI4;;"92791243000103;IRANI PAPEL E EMBALAGEM S.A.;RANI3;RANI4;";"92791243000103;IRANI PAPEL E EMBALAGEM S.A.;RANI3;RANI4;"
3,34E+13;IRB - BRASIL RESSEGUROS S.A.;IRBR3;;;"33376989000191;IRB - BRASIL RESSEGUROS S.A.;IRBR3;;";"33376989000191;IRB - BRASIL RESSEGUROS S.A.;IRBR3;;"
6,09E+13;ITAÚ UNIBANCO HOLDING S.A.;ITUB3;ITUB4;;"60872504000123;ITAÚ UNIBANCO HOLDING S.A.;ITUB3;ITUB4;";"60872504000123;ITAÚ UNIBANCO HOLDING S.A.;ITUB3;ITUB4;"
6,15E+13;ITAUSA S.A.;ITSA3;ITSA4;;"61532644000115;ITAUSA S.A.;ITSA3;ITSA4;";"61532644000115;ITAUSA S.A.;ITSA3;ITSA4;"
2,64E+12;JALLES MACHADO S.A.;JALL3;;;"2635522000195;JALLES MACHADO S.A.;JALL3;;";"2635522000195;JALLES MACHADO S.A.;JALL3;;"
2,92E+12;JBS SA;JBSS3;;;"2916265000160;JBS SA;JBSS3;;";"2916265000160;JBS SA;JBSS3;;"
6,05E+13;JEREISSATI PARTICIPAÇÕES S/A;JPSA3;;;"60543816000193;JEREISSATI PARTICIPAÇÕES S/A;JPSA3;;";"60543816000193;JEREISSATI PARTICIPAÇÕES S/A;JPSA3;;"
7,86E+12;JHSF MALLS S.A.;;;;"7859510000168;JHSF MALLS S.A.;;;";"7859510000168;JHSF MALLS S.A.;;;"
8,29E+12;JHSF PARTICIPAÇÕES SA;JHSF3;;;"8294224000165;JHSF PARTICIPAÇÕES SA;JHSF3;;";"8294224000165;JHSF PARTICIPAÇÕES SA;JHSF3;;"
#N/D;JOAO FORTES ENGENHARIA SA - EM RECUPERAÇÃO JUDICIAL;JFEN3;;;#N/D;#N/D
8,75E+13;JOSAPAR- JOAQUIM OLIVEIRA S/A PARTICIP;JOPA3;JOPA4;;"87456562000122;JOSAPAR- JOAQUIM OLIVEIRA S/A PARTICIP;JOPA3;JOPA4;";"87456562000122;JOSAPAR- JOAQUIM OLIVEIRA S/A PARTICIP;JOPA3;JOPA4;"
5,25E+13;JSL S.A.;JSLG3;;;"52548435000179;JSL S.A.;JSLG3;;";"52548435000179;JSL S.A.;JSLG3;;"
4,33E+13;KALUNGA S.A.;;;;"43283811000150;KALUNGA S.A.;;;";"43283811000150;KALUNGA S.A.;;;"
8,26E+13;KARSTEN SA;CTKA3;CTKA4;;"82640558000104;KARSTEN SA;CTKA3;CTKA4;";"82640558000104;KARSTEN SA;CTKA3;CTKA4;"
9,20E+13;KEPLER WEBER SA;KEPL11;KEPL3;;"91983056000169;KEPLER WEBER SA;KEPL11;KEPL3;";"91983056000169;KEPLER WEBER SA;KEPL11;KEPL3;"
8,96E+13;KLABIN S.A.;KLBN11;KLBN3;KLBN4;"89637490000145;KLABIN S.A.;KLBN11;KLBN3;";"89637490000145;KLABIN S.A.;KLBN11;KLBN3;KLBN4"
3,54E+11;KOSMOS COMÉRCIO DE VESTUÁRIO S/A - EM RECUPERAÇÃO JUDICIAL;;;;"354053000100;KOSMOS COMÉRCIO DE VESTUÁRIO S/A - EM RECUPERAÇÃO JUDICIAL;;;";"354053000100;KOSMOS COMÉRCIO DE VESTUÁRIO S/A - EM RECUPERAÇÃO JUDICIAL;;;"
2,65E+13;LAVVI EMPREENDIMENTOS IMOBILIÁRIOS S.A;LAVV3;;;"26462693000128;LAVVI EMPREENDIMENTOS IMOBILIÁRIOS S.A;LAVV3;;";"26462693000128;LAVVI EMPREENDIMENTOS IMOBILIÁRIOS S.A;LAVV3;;"
1,47E+12;LG INFORMÁTICA S.A.;;;;"1468594000122;LG INFORMÁTICA S.A.;;;";"1468594000122;LG INFORMÁTICA S.A.;;;"
2,36E+12;LIFEMED INDUSTRIAL DE EQUIP. E ART. MEDICOS E HOSP. S.A.;LMED3;;;"2357251000153;LIFEMED INDUSTRIAL DE EQUIP. E ART. MEDICOS E HOSP. S.A.;LMED3;;";"2357251000153;LIFEMED INDUSTRIAL DE EQUIP. E ART. MEDICOS E HOSP. S.A.;LMED3;;"
3,38E+12;LIGHT SA;LIGT3;;;"3378521000175;LIGHT SA;LIGT3;;";"3378521000175;LIGHT SA;LIGT3;;"
6,95E+12;LINX S.A.;LINX3;;;"6948969000175;LINX S.A.;LINX3;;";"6948969000175;LINX S.A.;LINX3;;"
7,43E+11;LITEL PARTICIPACOES SA;LTEL3B;;;"743065000127;LITEL PARTICIPACOES SA;LTEL3B;;";"743065000127;LITEL PARTICIPACOES SA;LTEL3B;;"
5,50E+12;LITELA PARTICIPAÇÕES S.A.;LTLA3B;;;"5495546000184;LITELA PARTICIPAÇÕES S.A.;LTLA3B;;";"5495546000184;LITELA PARTICIPAÇÕES S.A.;LTLA3B;;"
1,67E+13;LOCALIZA RENT A CAR SA;RENT3;;;"16670085000155;LOCALIZA RENT A CAR SA;RENT3;;";"16670085000155;LOCALIZA RENT A CAR SA;RENT3;;"
2,35E+12;LOCAWEB SERVIÇOS DE INTERNET S.A.;LWSA3;;;"2351877000152;LOCAWEB SERVIÇOS DE INTERNET S.A.;LWSA3;;";"2351877000152;LOCAWEB SERVIÇOS DE INTERNET S.A.;LWSA3;;"
9,04E+12;LOG COMMERCIAL PROPERTIES E PARTICIPAÇÕES S.A.;LOGG3;;;"9041168000110;LOG COMMERCIAL PROPERTIES E PARTICIPAÇÕES S.A.;LOGG3;;";"9041168000110;LOG COMMERCIAL PROPERTIES E PARTICIPAÇÕES S.A.;LOGG3;;"
4,23E+13;LOG-IN LOGISTICA INTERMODAL SA;LOGN3;;;"42278291000124;LOG-IN LOGISTICA INTERMODAL SA;LOGN3;;";"42278291000124;LOG-IN LOGISTICA INTERMODAL SA;LOGN3;;"
3,30E+13;LOJAS AMERICANAS SA;LAME10;LAME3;LAME4;"33014556000196;LOJAS AMERICANAS SA;LAME10;LAME3;";"33014556000196;LOJAS AMERICANAS SA;LAME10;LAME3;LAME4"
1,62E+13;LOJAS LE BISCUIT S.A.;;;;"16233389000155;LOJAS LE BISCUIT S.A.;;;";"16233389000155;LOJAS LE BISCUIT S.A.;;;"
9,64E+13;LOJAS QUERO-QUERO S.A.;LJQQ3;;;"96418264021802;LOJAS QUERO-QUERO S.A.;LJQQ3;;";"96418264021802;LOJAS QUERO-QUERO S.A.;LJQQ3;;"
9,28E+13;LOJAS RENNER SA;LREN3;;;"92754738000162;LOJAS RENNER SA;LREN3;;";"92754738000162;LOJAS RENNER SA;LREN3;;"
8,08E+12;LPS BRASIL CONSULTORIA DE IMOVEIS S/A;LPSB3;;;"8078847000109;LPS BRASIL CONSULTORIA DE IMOVEIS S/A;LPSB3;;";"8078847000109;LPS BRASIL CONSULTORIA DE IMOVEIS S/A;LPSB3;;"
8,95E+13;LUPATECH S/A - EM RECUPERAÇÃO JUDICIAL;LUPA11;LUPA3;;"89463822000112;LUPATECH S/A - EM RECUPERAÇÃO JUDICIAL;LUPA11;LUPA3;";"89463822000112;LUPATECH S/A - EM RECUPERAÇÃO JUDICIAL;LUPA11;LUPA3;"
7,21E+12;M DIAS BRANCO SA IND E COM DE ALIMENTOS;MDIA3;;;"7206816000115;M DIAS BRANCO SA IND E COM DE ALIMENTOS;MDIA3;;";"7206816000115;M DIAS BRANCO SA IND E COM DE ALIMENTOS;MDIA3;;"
8,80E+12;MAESTRO LOCADORA DE VEÍCULOS S.A.;MSRO3;;;"8795211000170;MAESTRO LOCADORA DE VEÍCULOS S.A.;MSRO3;;";"8795211000170;MAESTRO LOCADORA DE VEÍCULOS S.A.;MSRO3;;"
4,80E+13;MAGAZINE LUIZA SA;MGLU3;;;"47960950000121;MAGAZINE LUIZA SA;MGLU3;;";"47960950000121;MAGAZINE LUIZA SA;MGLU3;;"
6,05E+13;MAHLE METAL LEVE S.A.;LEVE3;;;"60476884000187;MAHLE METAL LEVE S.A.;LEVE3;;";"60476884000187;MAHLE METAL LEVE S.A.;LEVE3;;"
6,11E+13;MANGELS INDUSTRIAL S.A.;MGEL3;MGEL4;;"61065298000102;MANGELS INDUSTRIAL S.A.;MGEL3;MGEL4;";"61065298000102;MANGELS INDUSTRIAL S.A.;MGEL3;MGEL4;"
6,11E+13;MANUFATURA DE  BRINQUEDOS ESTRELA SA;ESTR3;ESTR4;;"61082004000150;MANUFATURA DE  BRINQUEDOS ESTRELA SA;ESTR3;ESTR4;";"61082004000150;MANUFATURA DE  BRINQUEDOS ESTRELA SA;ESTR3;ESTR4;"
8,86E+13;MARCOPOLO SA;POMO3;POMO4;;"88611835000129;MARCOPOLO SA;POMO3;POMO4;";"88611835000129;MARCOPOLO SA;POMO3;POMO4;"
3,85E+12;MARFRIG GLOBAL FOODS SA;MRFG3;;;"3853896000140;MARFRIG GLOBAL FOODS SA;MRFG3;;";"3853896000140;MARFRIG GLOBAL FOODS SA;MRFG3;;"
7,33E+12;MARINA DE IRACEMA PARK SA;;;;"7334600000135;MARINA DE IRACEMA PARK SA;;;";"7334600000135;MARINA DE IRACEMA PARK SA;;;"
6,12E+13;MARISA LOJAS SA;AMAR3;;;"61189288000189;MARISA LOJAS SA;AMAR3;;";"61189288000189;MARISA LOJAS SA;AMAR3;;"
1,14E+13;MASSA FALIDA DA BRASIL PHARMA SA;BPHA3;;;"11395624000171;MASSA FALIDA DA BRASIL PHARMA SA;BPHA3;;";"11395624000171;MASSA FALIDA DA BRASIL PHARMA SA;BPHA3;;"
8,33E+13;MASSA FALIDA DA SA IND E COMERCIO CHAPECO;;;;"83296889000123;MASSA FALIDA DA SA IND E COMERCIO CHAPECO;;;";"83296889000123;MASSA FALIDA DA SA IND E COMERCIO CHAPECO;;;"
1,41E+13;MELIUZ S.A.;CASH3;;;"14110585000107;MELIUZ S.A.;CASH3;;";"14110585000107;MELIUZ S.A.;CASH3;;"
1,22E+13;MELNICK DESENVOLVIMENTO IMOBILIÁRIO S.A.;MELK3;;;"12181987000177;MELNICK DESENVOLVIMENTO IMOBILIÁRIO S.A.;MELK3;;";"12181987000177;MELNICK DESENVOLVIMENTO IMOBILIÁRIO S.A.;MELK3;;"
1,72E+13;MENDES JUNIOR ENGENHARIA SA;MEND3;MEND5;;"17162082000173;MENDES JUNIOR ENGENHARIA SA;MEND3;MEND5;";"17162082000173;MENDES JUNIOR ENGENHARIA SA;MEND3;MEND5;"
3,30E+13;MERCANTIL DO BR FINC SA CFI;MERC3;MERC4;;"33040601000187;MERCANTIL DO BR FINC SA CFI;MERC3;MERC4;";"33040601000187;MERCANTIL DO BR FINC SA CFI;MERC3;MERC4;"
4,82E+12;METALFRIO SOLUTIONS S/A;FRIO3;;;"4821041000108;METALFRIO SOLUTIONS S/A;FRIO3;;";"4821041000108;METALFRIO SOLUTIONS S/A;FRIO3;;"
8,02E+13;METALGRAFICA IGUACU SA;MTIG3;MTIG4;;"80227184000166;METALGRAFICA IGUACU SA;MTIG3;MTIG4;";"80227184000166;METALGRAFICA IGUACU SA;MTIG3;MTIG4;"
9,27E+13;METALURGICA GERDAU SA;GOAU3;GOAU4;;"92690783000109;METALURGICA GERDAU SA;GOAU3;GOAU4;";"92690783000109;METALURGICA GERDAU SA;GOAU3;GOAU4;"
8,58E+13;METALURGICA RIOSULENSE SA;RSUL3;RSUL4;;"85778074000106;METALURGICA RIOSULENSE SA;RSUL3;RSUL4;";"85778074000106;METALURGICA RIOSULENSE SA;RSUL3;RSUL4;"
1,62E+13;METANOR SA METANOL DO NE;;;;"16234171000115;METANOR SA METANOL DO NE;;;";"16234171000115;METANOR SA METANOL DO NE;;;"
8,64E+13;METISA METALÚRGICA  TIMBOENSE SA;MTSA3;MTSA4;;"86375425000109;METISA METALÚRGICA  TIMBOENSE SA;MTSA3;MTSA4;";"86375425000109;METISA METALÚRGICA  TIMBOENSE SA;MTSA3;MTSA4;"
2,71E+13;MILLS ESTRUTURAS E SERVIÇOS DE ENGENHARIA S/A;MILS3;;;"27093558000115;MILLS ESTRUTURAS E SERVIÇOS DE ENGENHARIA S/A;MILS3;;";"27093558000115;MILLS ESTRUTURAS E SERVIÇOS DE ENGENHARIA S/A;MILS3;;"
1,72E+13;MINASMAQUINAS SA;MMAQ3;MMAQ4;;"17161241000115;MINASMAQUINAS SA;MMAQ3;MMAQ4;";"17161241000115;MINASMAQUINAS SA;MMAQ3;MMAQ4;"
6,76E+13;MINERVA S/A;BEEF11;BEEF3;;"67620377000114;MINERVA S/A;BEEF11;BEEF3;";"67620377000114;MINERVA S/A;BEEF11;BEEF3;"
9,01E+13;MINUPAR PARTICIPACOES SA;MNPR3;;;"90076886000140;MINUPAR PARTICIPACOES SA;MNPR3;;";"90076886000140;MINUPAR PARTICIPACOES SA;MNPR3;;"
7,88E+12;MITRE REALTY EMPREENDIMENTOS E PARTICIPAÇÕES S.A.;MTRE3;;;"7882930000165;MITRE REALTY EMPREENDIMENTOS E PARTICIPAÇÕES S.A.;MTRE3;;";"7882930000165;MITRE REALTY EMPREENDIMENTOS E PARTICIPAÇÕES S.A.;MTRE3;;"
1,34E+13;MLOG S.A.;;;;"13444994000187;MLOG S.A.;;;";"13444994000187;MLOG S.A.;;;"
2,76E+12;MMX MINERAÇÃO E METÁLICOS S.A. - EM RECUPERAÇÃO JUDICIAL;MMXM11;MMXM3;;"2762115000149;MMX MINERAÇÃO E METÁLICOS S.A. - EM RECUPERAÇÃO JUDICIAL;MMXM11;MMXM3;";"2762115000149;MMX MINERAÇÃO E METÁLICOS S.A. - EM RECUPERAÇÃO JUDICIAL;MMXM11;MMXM3;"
3,16E+13;MOBLY S.A.;MBLY3;;;"31553627000101;MOBLY S.A.;MBLY3;;";"31553627000101;MOBLY S.A.;MBLY3;;"
3,31E+13;MONTEIRO ARANHA SA;MOAR3;;;"33102476000192;MONTEIRO ARANHA SA;MOAR3;;";"33102476000192;MONTEIRO ARANHA SA;MOAR3;;"
9,08E+12;MOSAICO NEGÓCIOS DE INTERNET S.A.;MOSI3;;;"9083175000184;MOSAICO NEGÓCIOS DE INTERNET S.A.;MOSI3;;";"9083175000184;MOSAICO NEGÓCIOS DE INTERNET S.A.;MOSI3;;"
1,20E+13;MOURA DUBEUX ENGENHARIA S/A;MDNE3;;;"12049631000184;MOURA DUBEUX ENGENHARIA S/A;MDNE3;;";"12049631000184;MOURA DUBEUX ENGENHARIA S/A;MDNE3;;"
2,13E+13;MOVIDA PARTICIPAÇÕES S.A.;MOVI3;;;"21314559000166;MOVIDA PARTICIPAÇÕES S.A.;MOVI3;;";"21314559000166;MOVIDA PARTICIPAÇÕES S.A.;MOVI3;;"
2,67E+13;MPM CORPÓREOS S.A.;ESPA3;;;"26659061000159;MPM CORPÓREOS S.A.;ESPA3;;";"26659061000159;MPM CORPÓREOS S.A.;ESPA3;;"
1,42E+12;MRS LOGÍSTICA S/A;MRSA3B;MRSA5B;MRSA6B;"1417222000177;MRS LOGÍSTICA S/A;MRSA3B;MRSA5B;";"1417222000177;MRS LOGÍSTICA S/A;MRSA3B;MRSA5B;MRSA6B"
8,34E+12;MRV ENGENHARIA E PARTICIPAÇÕES S/A;MRVE3;;;"8343492000120;MRV ENGENHARIA E PARTICIPAÇÕES S/A;MRVE3;;";"8343492000120;MRV ENGENHARIA E PARTICIPAÇÕES S/A;MRVE3;;"
7,82E+12;MULTIPLAN EMP. IMOBILIARIOS S/A;MULT3;;;"7816890000153;MULTIPLAN EMP. IMOBILIARIOS S/A;MULT3;;";"7816890000153;MULTIPLAN EMP. IMOBILIARIOS S/A;MULT3;;"
8,86E+13;MUNDIAL S.A - PRODUTOS DE CONSUMO;MNDL3;;;"88610191000154;MUNDIAL S.A - PRODUTOS DE CONSUMO;MNDL3;;";"88610191000154;MUNDIAL S.A - PRODUTOS DE CONSUMO;MNDL3;;"
3,28E+13;NATURA & CO HOLDING S.A.;NTCO3;;;"32785497000197;NATURA & CO HOLDING S.A.;NTCO3;;";"32785497000197;NATURA & CO HOLDING S.A.;NTCO3;;"
1,08E+12;NEOENERGIA S.A;NEOE3;;;"1083200000118;NEOENERGIA S.A;NEOE3;;";"1083200000118;NEOENERGIA S.A;NEOE3;;"
1,01E+13;NEOGRID PARTICIPACÕES S.A.;NGRD3;;;"10139870000108;NEOGRID PARTICIPACÕES S.A.;NGRD3;;";"10139870000108;NEOGRID PARTICIPACÕES S.A.;NGRD3;;"
2,60E+12;NEWTEL PARTICIPAÇÕES S.A. - EM LIQUIDAÇÃO;;;;"2604997000114;NEWTEL PARTICIPAÇÕES S.A. - EM LIQUIDAÇÃO;;;";"2604997000114;NEWTEL PARTICIPAÇÕES S.A. - EM LIQUIDAÇÃO;;;"
6,09E+13;NORDON INDS METALURGICAS SA;NORD3;;;"60884319000159;NORDON INDS METALURGICAS SA;NORD3;;";"60884319000159;NORDON INDS METALURGICAS SA;NORD3;;"
1,23E+13;NORTE ENERGIA S.A;;;;"12300288000107;NORTE ENERGIA S.A;;;";"12300288000107;NORTE ENERGIA S.A;;;"
3,00E+13;NORTEC QUIMICA S.A.;NRTQ3;;;"29950060000157;NORTEC QUIMICA S.A.;NRTQ3;;";"29950060000157;NORTEC QUIMICA S.A.;NRTQ3;;"
1,99E+13;NOTRE DAME INTERMÉDICA PARTICIPAÇÕES S.A.;GNDI3;;;"19853511000184;NOTRE DAME INTERMÉDICA PARTICIPAÇÕES S.A.;GNDI3;;";"19853511000184;NOTRE DAME INTERMÉDICA PARTICIPAÇÕES S.A.;GNDI3;;"
5,11E+13;NUTRIPLANT INDUSTRIA E COMÉRCIO S/A;NUTR3;;;"51128999000190;NUTRIPLANT INDUSTRIA E COMÉRCIO S/A;NUTR3;;";"51128999000190;NUTRIPLANT INDUSTRIA E COMÉRCIO S/A;NUTR3;;"
9,11E+12;OCEANPACT SERVIÇOS MARÍTIMOS S.A.;OPCT3;;;"9114805000130;OCEANPACT SERVIÇOS MARÍTIMOS S.A.;OPCT3;;";"9114805000130;OCEANPACT SERVIÇOS MARÍTIMOS S.A.;OPCT3;;"
5,81E+13;ODONTOPREV S/A;ODPV3;;;"58119199000151;ODONTOPREV S/A;ODPV3;;";"58119199000151;ODONTOPREV S/A;ODPV3;;"
7,65E+13;OI S.A. - EM RECUPERAÇÃO JUDICIAL;OIBR3;OIBR4;;"76535764000143;OI S.A. - EM RECUPERAÇÃO JUDICIAL;OIBR3;OIBR4;";"76535764000143;OI S.A. - EM RECUPERAÇÃO JUDICIAL;OIBR3;OIBR4;"
9,15E+12;OMEGA GERAÇÃO S.A.;OMGE3;;;"9149503000106;OMEGA GERAÇÃO S.A.;OMGE3;;";"9149503000106;OMEGA GERAÇÃO S.A.;OMGE3;;"
2,32E+12;OPPORTUNITY ENERGIA E PARTICIPAÇÕES S.A.;OPHE3B;;;"2318346000168;OPPORTUNITY ENERGIA E PARTICIPAÇÕES S.A.;OPHE3B;;";"2318346000168;OPPORTUNITY ENERGIA E PARTICIPAÇÕES S.A.;OPHE3B;;"
1,14E+13;ORIZON VALORIZAÇÃO DE RESÍDUOS S.A.;ORVR3;;;"11421994000136;ORIZON VALORIZAÇÃO DE RESÍDUOS S.A.;ORVR3;;";"11421994000136;ORIZON VALORIZAÇÃO DE RESÍDUOS S.A.;ORVR3;;"
9,11E+12;OSX BRASIL S.A.;OSXB3;;;"9112685000132;OSX BRASIL S.A.;OSXB3;;";"9112685000132;OSX BRASIL S.A.;OSXB3;;"
2,03E+13;OURO FINO SAÚDE ANIMAL PARTICIPAÇÕES S.A.;OFSA3;;;"20258278000170;OURO FINO SAÚDE ANIMAL PARTICIPAÇÕES S.A.;OFSA3;;";"20258278000170;OURO FINO SAÚDE ANIMAL PARTICIPAÇÕES S.A.;OFSA3;;"
9,63E+13;PACAEMBU CONSTRUTORA S.A.;;;;"96298013000168;PACAEMBU CONSTRUTORA S.A.;;;";"96298013000168;PACAEMBU CONSTRUTORA S.A.;;;"
2,37E+12;PADTEC HOLDING S.A.;IDNT3;;;"2365069000144;PADTEC HOLDING S.A.;IDNT3;;";"2365069000144;PADTEC HOLDING S.A.;IDNT3;;"
9,27E+13;PANATLANTICA SA;PATI3;PATI4;;"92693019000189;PANATLANTICA SA;PATI3;PATI4;";"92693019000189;PANATLANTICA SA;PATI3;PATI4;"
1,44E+13;PARANA BANCO S.A.;;;;"14388334000199;PARANA BANCO S.A.;;;";"14388334000199;PARANA BANCO S.A.;;;"
6,04E+13;PARANAPANEMA SA;PMAM3;;;"60398369000479;PARANAPANEMA SA;PMAM3;;";"60398369000479;PARANAPANEMA SA;PMAM3;;"
1,85E+11;PARCOM PARTICIPACOES SA;;;;"185475000108;PARCOM PARTICIPACOES SA;;;";"185475000108;PARCOM PARTICIPACOES SA;;;"
1,43E+13;PARTICIPAÇÕES INDUST. DO NORDESTE S.A.;;;;"14308514000113;PARTICIPAÇÕES INDUST. DO NORDESTE S.A.;;;";"14308514000113;PARTICIPAÇÕES INDUST. DO NORDESTE S.A.;;;"
2,32E+13;PATRIMAR ENGENHARIA S.A.;;;;"23236821000127;PATRIMAR ENGENHARIA S.A.;;;";"23236821000127;PATRIMAR ENGENHARIA S.A.;;;"
8,35E+13;PBG S/A;PTBL3;;;"83475913000191;PBG S/A;PTBL3;;";"83475913000191;PBG S/A;PTBL3;;"
2,95E+12;PDG REALTY SA EMPREENDIMENTOS E PARTS - EM RECUPERAÇÃO JUDICIAL;PDGR3;;;"2950811000189;PDG REALTY SA EMPREENDIMENTOS E PARTS - EM RECUPERAÇÃO JUDICIAL;PDGR3;;";"2950811000189;PDG REALTY SA EMPREENDIMENTOS E PARTS - EM RECUPERAÇÃO JUDICIAL;PDGR3;;"
1,83E+13;PET CENTER COMÉRCIO E PARTICIPAÇÕES S.A.;PETZ3;;;"18328118000109;PET CENTER COMÉRCIO E PARTICIPAÇÕES S.A.;PETZ3;;";"18328118000109;PET CENTER COMÉRCIO E PARTICIPAÇÕES S.A.;PETZ3;;"
1,06E+13;PETRO RIO S.A.;PRIO3;;;"10629105000168;PETRO RIO S.A.;PRIO3;;";"10629105000168;PETRO RIO S.A.;PRIO3;;"
3,43E+13;PETROBRAS DISTRIBUIDORA SA;BRDT3;;;"34274233000102;PETROBRAS DISTRIBUIDORA SA;BRDT3;;";"34274233000102;PETROBRAS DISTRIBUIDORA SA;BRDT3;;"
3,30E+13;PETRÓLEO BRASILEIRO  S.A.  - PETROBRAS;PETR3;PETR4;;"33000167000101;PETRÓLEO BRASILEIRO  S.A.  - PETROBRAS;PETR3;PETR4;";"33000167000101;PETRÓLEO BRASILEIRO  S.A.  - PETROBRAS;PETR3;PETR4;"
7,28E+12;PETROLEO LUB DO NORDESTE SA;;;;"7275159000168;PETROLEO LUB DO NORDESTE SA;;;";"7275159000168;PETROLEO LUB DO NORDESTE SA;;;"
8,86E+13;PETTENATI SA IND TEXTIL;PTNT3;PTNT4;;"88613658000110;PETTENATI SA IND TEXTIL;PTNT3;PTNT4;";"88613658000110;PETTENATI SA IND TEXTIL;PTNT3;PTNT4;"
2,42E+13;PLANO & PLANO DESENVOLVIMENTO IMOBILIÁRIO S.A.;PLPL3;;;"24230275000180;PLANO & PLANO DESENVOLVIMENTO IMOBILIÁRIO S.A.;PLPL3;;";"24230275000180;PLANO & PLANO DESENVOLVIMENTO IMOBILIÁRIO S.A.;PLPL3;;"
5,19E+13;PLASCAR PARTICIPAÇÕES INDUSTRIAIS S.A;PLAS11;PLAS3;;"51928174000150;PLASCAR PARTICIPAÇÕES INDUSTRIAIS S.A;PLAS11;PLAS3;";"51928174000150;PLASCAR PARTICIPAÇÕES INDUSTRIAIS S.A;PLAS11;PLAS3;"
5,98E+13;POLPAR S.A.;PPAR3;;;"59789545000171;POLPAR S.A.;PPAR3;;";"59789545000171;POLPAR S.A.;PPAR3;;"
8,66E+13;POMIFRUTAS S/A - EM RECUPERAÇÃO JUDICIAL;FRTA3;;;"86550951000150;POMIFRUTAS S/A - EM RECUPERAÇÃO JUDICIAL;FRTA3;;";"86550951000150;POMIFRUTAS S/A - EM RECUPERAÇÃO JUDICIAL;FRTA3;;"
2,15E+12;PORTO SEGURO SA;PSSA3;;;"2149205000169;PORTO SEGURO SA;PSSA3;;";"2149205000169;PORTO SEGURO SA;PSSA3;;"
4,91E+12;PORTUENSE FERRAGENS S/A;;;;"4912242000102;PORTUENSE FERRAGENS S/A;;;";"4912242000102;PORTUENSE FERRAGENS S/A;;;"
8,12E+13;POSITIVO TECNOLOGIA S.A.;POSI3;;;"81243735000148;POSITIVO TECNOLOGIA S.A.;POSI3;;";"81243735000148;POSITIVO TECNOLOGIA S.A.;POSI3;;"
8,57E+12;PRÁTICA KLIMAQUIP INDÚSTRIA E COMÉRCIO S.A.;PTCA11;PTCA3;;"8574411000100;PRÁTICA KLIMAQUIP INDÚSTRIA E COMÉRCIO S.A.;PTCA11;PTCA3;";"8574411000100;PRÁTICA KLIMAQUIP INDÚSTRIA E COMÉRCIO S.A.;PTCA11;PTCA3;"
1,86E+13;PRINER SERVIÇOS INDUSTRIAIS S.A.;PRNR3;;;"18593815000197;PRINER SERVIÇOS INDUSTRIAIS S.A.;PRNR3;;";"18593815000197;PRINER SERVIÇOS INDUSTRIAIS S.A.;PRNR3;;"
2,29E+12;PRODUTORES ENERGETICOS DE MANSO SA;PRMN3B;;;"2291077000193;PRODUTORES ENERGETICOS DE MANSO SA;PRMN3B;;";"2291077000193;PRODUTORES ENERGETICOS DE MANSO SA;PRMN3B;;"
4,55E+13;PROFARMA DISTRIB. PRODUTOS FARMACEUTICOS;PFRM3;;;"45453214000151;PROFARMA DISTRIB. PRODUTOS FARMACEUTICOS;PFRM3;;";"45453214000151;PROFARMA DISTRIB. PRODUTOS FARMACEUTICOS;PFRM3;;"
2,99E+12;PROMPT PARTICIPAÇÕES S.A.;PRPT3B;;;"2992449000109;PROMPT PARTICIPAÇÕES S.A.;PRPT3B;;";"2992449000109;PROMPT PARTICIPAÇÕES S.A.;PRPT3B;;"
1,20E+13;QUALICORP SA;QUAL3;;;"11992680000193;QUALICORP SA;QUAL3;;";"11992680000193;QUALICORP SA;QUAL3;;"
3,58E+13;QUALITY SOFTWARE S.A.;QUSW3;;;"35791391000194;QUALITY SOFTWARE S.A.;QUSW3;;";"35791391000194;QUALITY SOFTWARE S.A.;QUSW3;;"
6,16E+13;RAIA DROGASIL S.A.;RADL3;;;"61585865000151;RAIA DROGASIL S.A.;RADL3;;";"61585865000151;RAIA DROGASIL S.A.;RADL3;;"
8,91E+13;RANDON S.A. IMPLEMENTOS E PARTICIPAÇÕES;RAPT3;RAPT4;;"89086144000116;RANDON S.A. IMPLEMENTOS E PARTICIPAÇÕES;RAPT3;RAPT4;";"89086144000116;RANDON S.A. IMPLEMENTOS E PARTICIPAÇÕES;RAPT3;RAPT4;"
9,13E+13;RECRUSUL SA;RCSL3;RCSL4;;"91333666000117;RECRUSUL SA;RCSL3;RCSL4;";"91333666000117;RECRUSUL SA;RCSL3;RCSL4;"
6,05E+12;REDE D'OR SÃO LUIZ S.A.;RDOR3;;;"6047087000139;REDE D'OR SÃO LUIZ S.A.;RDOR3;;";"6047087000139;REDE D'OR SÃO LUIZ S.A.;RDOR3;;"
6,16E+13;REDE ENERGIA PARTICIPAÇÕES S.A.;REDE3;;;"61584140000149;REDE ENERGIA PARTICIPAÇÕES S.A.;REDE3;;";"61584140000149;REDE ENERGIA PARTICIPAÇÕES S.A.;REDE3;;"
3,34E+13;REFINARIA PET MANGUINHOS SA;RPMG3;;;"33412081000196;REFINARIA PET MANGUINHOS SA;RPMG3;;";"33412081000196;REFINARIA PET MANGUINHOS SA;RPMG3;;"
8,53E+12;RENOVA ENERGIA S.A. -  EM RECUPERAÇÃO JUDICIAL;RNEW11;RNEW3;RNEW4;"8534605000174;RENOVA ENERGIA S.A. -  EM RECUPERAÇÃO JUDICIAL;RNEW11;RNEW3;";"8534605000174;RENOVA ENERGIA S.A. -  EM RECUPERAÇÃO JUDICIAL;RNEW11;RNEW3;RNEW4"
4,97E+13;RESTOQUE COMÉRCIO E CONFECÇÕES DE ROUPAS SA;LLIS3;;;"49669856000143;RESTOQUE COMÉRCIO E CONFECÇÕES DE ROUPAS SA;LLIS3;;";"49669856000143;RESTOQUE COMÉRCIO E CONFECÇÕES DE ROUPAS SA;LLIS3;;"
3,00E+12;RIO PARANAPANEMA ENERGIA SA;GEPA3;GEPA4;;"2998301000181;RIO PARANAPANEMA ENERGIA SA;GEPA3;GEPA4;";"2998301000181;RIO PARANAPANEMA ENERGIA SA;GEPA3;GEPA4;"
1,35E+13;RIVA 9 EMPREENDIMENTOS IMOBILIARIOS S/A;;;;"13457942000145;RIVA 9 EMPREENDIMENTOS IMOBILIARIOS S/A;;;";"13457942000145;RIVA 9 EMPREENDIMENTOS IMOBILIARIOS S/A;;;"
6,70E+13;RNI NEGÓCIOS IMOBILIÁRIOS S.A.;RDNI3;;;"67010660000124;RNI NEGÓCIOS IMOBILIÁRIOS S.A.;RDNI3;;";"67010660000124;RNI NEGÓCIOS IMOBILIÁRIOS S.A.;RDNI3;;"
6,11E+13;ROSSI RESIDENCIAL SA;RSID3;;;"61065751000180;ROSSI RESIDENCIAL SA;RSID3;;";"61065751000180;ROSSI RESIDENCIAL SA;RSID3;;"
2,50E+13;RUMO MALHA NORTE S.A.;FRRN3B;FRRN5B;FRRN6B;"24962466000136;RUMO MALHA NORTE S.A.;FRRN3B;FRRN5B;";"24962466000136;RUMO MALHA NORTE S.A.;FRRN3B;FRRN5B;FRRN6B"
2,39E+12;RUMO S.A.;RAIL3;;;"2387241000160;RUMO S.A.;RAIL3;;";"2387241000160;RUMO S.A.;RAIL3;;"
1,48E+13;SANSUY SA INDÚSTRIA  DE PLASTICOS;SNSY3;SNSY5;SNSY6;"14807945000124;SANSUY SA INDÚSTRIA  DE PLASTICOS;SNSY3;SNSY5;";"14807945000124;SANSUY SA INDÚSTRIA  DE PLASTICOS;SNSY3;SNSY5;SNSY6"
2,76E+12;SANTOS BRASIL PARTICIPAÇÕES S.A.;STBP3;;;"2762121000104;SANTOS BRASIL PARTICIPAÇÕES S.A.;STBP3;;";"2762121000104;SANTOS BRASIL PARTICIPAÇÕES S.A.;STBP3;;"
2,98E+13;SÃO CARLOS EMPREENDS E PARTICIPAÇÕES S.A;SCAR3;;;"29780061000109;SÃO CARLOS EMPREENDS E PARTICIPAÇÕES S.A;SCAR3;;";"29780061000109;SÃO CARLOS EMPREENDS E PARTICIPAÇÕES S.A;SCAR3;;"
5,15E+13;SÃO MARTINHO SA;SMTO3;;;"51466860000156;SÃO MARTINHO SA;SMTO3;;";"51466860000156;SÃO MARTINHO SA;SMTO3;;"
6,20E+13;SÃO PAULO TURISMO S. A.;AHEB1;AHEB11;AHEB13;"62002886000160;SÃO PAULO TURISMO S. A.;AHEB1;AHEB11;";"62002886000160;SÃO PAULO TURISMO S. A.;AHEB1;AHEB11;AHEB13"
6,05E+13;SARAIVA LIVREIROS S.A. - EM RECUPERAÇÃO JUDICIAL;SLED11;SLED3;SLED4;"60500139000126;SARAIVA LIVREIROS S.A. - EM RECUPERAÇÃO JUDICIAL;SLED11;SLED3;";"60500139000126;SARAIVA LIVREIROS S.A. - EM RECUPERAÇÃO JUDICIAL;SLED11;SLED3;SLED4"
8,47E+13;SCHULZ SA;SHUL3;SHUL4;;"84693183000168;SCHULZ SA;SHUL3;SHUL4;";"84693183000168;SCHULZ SA;SHUL3;SHUL4;"
8,70E+13;SEIVA S.A. - FLORESTAS E INDÚSTRIAS;;;;"87043832000173;SEIVA S.A. - FLORESTAS E INDÚSTRIAS;;;";"87043832000173;SEIVA S.A. - FLORESTAS E INDÚSTRIAS;;;"
6,06E+12;SENDAS DISTRIBUIDORA S.A.;;;;"6057223000171;SENDAS DISTRIBUIDORA S.A.;;;";"6057223000171;SENDAS DISTRIBUIDORA S.A.;;;"
1,60E+12;SEQUOIA LOGÍSTICA E TRANSPORTES S.A.;SEQL3;;;"1599101000193;SEQUOIA LOGÍSTICA E TRANSPORTES S.A.;SEQL3;;";"1599101000193;SEQUOIA LOGÍSTICA E TRANSPORTES S.A.;SEQL3;;"
4,99E+12;SER EDUCACIONAL S.A.;SEER3;;;"4986320000113;SER EDUCACIONAL S.A.;SEER3;;";"4986320000113;SER EDUCACIONAL S.A.;SEER3;;"
5,45E+11;SERRA AZUL WATER PARK SA;;;;"545378000170;SERRA AZUL WATER PARK SA;;;";"545378000170;SERRA AZUL WATER PARK SA;;;"
6,12E+13;SIDERURGICA J L ALIPERTI SA;APTI3;APTI4;;"61156931000178;SIDERURGICA J L ALIPERTI SA;APTI3;APTI4;";"61156931000178;SIDERURGICA J L ALIPERTI SA;APTI3;APTI4;"
7,42E+12;SIMPAR S.A.;SIMH3;;;"7415333000120;SIMPAR S.A.;SIMH3;;";"7415333000120;SIMPAR S.A.;SIMH3;;"
4,07E+12;SINQIA S.A.;SQIA3;;;"4065791000199;SINQIA S.A.;SQIA3;;";"4065791000199;SINQIA S.A.;SQIA3;;"
8,91E+13;SLC AGRICOLA SA;SLCE3;;;"89096457000155;SLC AGRICOLA SA;SLCE3;;";"89096457000155;SLC AGRICOLA SA;SLCE3;;"
7,59E+12;SMARTFIT ESCOLA DE GINÁSTICA E DANÇA S.A.;SMFT3;;;"7594978000178;SMARTFIT ESCOLA DE GINÁSTICA E DANÇA S.A.;SMFT3;;";"7594978000178;SMARTFIT ESCOLA DE GINÁSTICA E DANÇA S.A.;SMFT3;;"
5,73E+12;SMILES FIDELIDADE S.A.;SMLS3;;;"5730375000120;SMILES FIDELIDADE S.A.;SMLS3;;";"5730375000120;SMILES FIDELIDADE S.A.;SMLS3;;"
4,61E+13;SOC.DE ABASTEC.DE ÁGUA E SANEAMENTO S.A.;;;;"46119855000137;SOC.DE ABASTEC.DE ÁGUA E SANEAMENTO S.A.;;;";"46119855000137;SOC.DE ABASTEC.DE ÁGUA E SANEAMENTO S.A.;;;"
3,34E+13;SONDOTECNICA ENGENHARIA DE SOLOS S/A.;SOND3;SOND5;SOND6;"33386210000119;SONDOTECNICA ENGENHARIA DE SOLOS S/A.;SOND3;SOND5;";"33386210000119;SONDOTECNICA ENGENHARIA DE SOLOS S/A.;SOND3;SOND5;SOND6"
7,72E+12;SPRINGS GLOBAL PARTICIPAÇÕES S/A;SGPS3;;;"7718269000157;SPRINGS GLOBAL PARTICIPAÇÕES S/A;SGPS3;;";"7718269000157;SPRINGS GLOBAL PARTICIPAÇÕES S/A;SGPS3;;"
9,15E+13;STARA S.A. - INDÚSTRIA DE IMPLEMENTOS AGRÍCOLAS;STTR3;;;"91495499000100;STARA S.A. - INDÚSTRIA DE IMPLEMENTOS AGRÍCOLAS;STTR3;;";"91495499000100;STARA S.A. - INDÚSTRIA DE IMPLEMENTOS AGRÍCOLAS;STTR3;;"
6,22E+11;STATKRAFT ENERGIAS RENOVÁVEIS S.A.;STKF3;;;"622416000141;STATKRAFT ENERGIAS RENOVÁVEIS S.A.;STKF3;;";"622416000141;STATKRAFT ENERGIAS RENOVÁVEIS S.A.;STKF3;;"
2,06E+12;SUDESTE SA;OPSE3B;;;"2062747000108;SUDESTE SA;OPSE3B;;";"2062747000108;SUDESTE SA;OPSE3B;;"
1,36E+13;SUGOI S.A.;;;;"13584310000142;SUGOI S.A.;;;";"13584310000142;SUGOI S.A.;;;"
1,96E+12;SUL 116 PARTICIPAÇÕES S.A.;OPTS3B;;;"1957772000189;SUL 116 PARTICIPAÇÕES S.A.;OPTS3B;;";"1957772000189;SUL 116 PARTICIPAÇÕES S.A.;OPTS3B;;"
3,00E+13;SUL AMERICA S/A;SULA11;SULA3;SULA4;"29978814000187;SUL AMERICA S/A;SULA11;SULA3;";"29978814000187;SUL AMERICA S/A;SULA11;SULA3;SULA4"
6,07E+13;SUZANO HOLDING S.A.;NEMO3;NEMO5;NEMO6;"60651809000105;SUZANO HOLDING S.A.;NEMO3;NEMO5;";"60651809000105;SUZANO HOLDING S.A.;NEMO3;NEMO5;NEMO6"
1,64E+13;SUZANO S.A.;SUZB3;;;"16404287000155;SUZANO S.A.;SUZB3;;";"16404287000155;SUZANO S.A.;SUZB3;;"
2,86E+12;T4F ENTRETENIMENTO SA;SHOW3;;;"2860694000162;T4F ENTRETENIMENTO SA;SHOW3;;";"2860694000162;T4F ENTRETENIMENTO SA;SHOW3;;"
9,28E+13;TAURUS ARMAS S.A.;TASA13;TASA15;TASA17;"92781335000102;TAURUS ARMAS S.A.;TASA13;TASA15;";"92781335000102;TAURUS ARMAS S.A.;TASA13;TASA15;TASA17"
8,42E+12;TECBLU - TECELAGEM BLUMENAU S/A.;;;;"8424178000171;TECBLU - TECELAGEM BLUMENAU S/A.;;;";"8424178000171;TECBLU - TECELAGEM BLUMENAU S/A.;;;"
9,30E+12;TECHNOS SA;TECN3;;;"9295063000197;TECHNOS SA;TECN3;;";"9295063000197;TECHNOS SA;TECN3;;"
8,07E+12;TECNISA S/A;TCSA3;;;"8065557000112;TECNISA S/A;TCSA3;;";"8065557000112;TECNISA S/A;TCSA3;;"
3,31E+13;TECNOSOLO S/A - EM RECUPERAÇÃO JUDICIAL;TCNO3;TCNO4;;"33111246000190;TECNOSOLO S/A - EM RECUPERAÇÃO JUDICIAL;TCNO3;TCNO4;";"33111246000190;TECNOSOLO S/A - EM RECUPERAÇÃO JUDICIAL;TCNO3;TCNO4;"
2,35E+12;TEGMA GESTÃO LOGÍSTICA SA;TGMA3;;;"2351144000118;TEGMA GESTÃO LOGÍSTICA SA;TGMA3;;";"2351144000118;TEGMA GESTÃO LOGÍSTICA SA;TGMA3;;"
8,26E+13;TEKA TECELAGEM KUEHNRICH SA - EM RECUPERAÇÃO JUDICIAL;TEKA3;TEKA4;;"82636986000155;TEKA TECELAGEM KUEHNRICH SA - EM RECUPERAÇÃO JUDICIAL;TEKA3;TEKA4;";"82636986000155;TEKA TECELAGEM KUEHNRICH SA - EM RECUPERAÇÃO JUDICIAL;TEKA3;TEKA4;"
3,35E+13;TEKNO S.A. INDÚSTRIA E COMÉRCIO;TKNO3;TKNO4;;"33467572000134;TEKNO S.A. INDÚSTRIA E COMÉRCIO;TKNO3;TKNO4;";"33467572000134;TEKNO S.A. INDÚSTRIA E COMÉRCIO;TKNO3;TKNO4;"
3,37E+11;TELEC. BRASILEIRAS S.A. - TELEBRÁS;TELB3;TELB4;;"336701000104;TELEC. BRASILEIRAS S.A. - TELEBRÁS;TELB3;TELB4;";"336701000104;TELEC. BRASILEIRAS S.A. - TELEBRÁS;TELB3;TELB4;"
2,56E+12;TELEFÔNICA BRASIL S.A.;VIVT3;VIVT4;;"2558157000162;TELEFÔNICA BRASIL S.A.;VIVT3;VIVT4;";"2558157000162;TELEFÔNICA BRASIL S.A.;VIVT3;VIVT4;"
8,50E+13;TERMINAIS PORT. DA PONTA DO FÉLIX S/A;;;;"85041333000111;TERMINAIS PORT. DA PONTA DO FÉLIX S/A;;;";"85041333000111;TERMINAIS PORT. DA PONTA DO FÉLIX S/A;;;"
2,66E+12;TERMINAL GARAGEM MENEZES CORTES SA;MNZC3B;;;"2664042000152;TERMINAL GARAGEM MENEZES CORTES SA;MNZC3B;;";"2664042000152;TERMINAL GARAGEM MENEZES CORTES SA;MNZC3B;;"
5,80E+12;TERRA SANTA AGRO S.A.;TESA12;TESA3;;"5799312000120;TERRA SANTA AGRO S.A.;TESA12;TESA3;";"5799312000120;TERRA SANTA AGRO S.A.;TESA12;TESA3;"
8,30E+13;TÊXTIL RENAUXVIEW S/A;TXRX3;;;"82982075000180;TÊXTIL RENAUXVIEW S/A;TXRX3;;";"82982075000180;TÊXTIL RENAUXVIEW S/A;TXRX3;;"
2,42E+12;TIM S.A.;;;;"2421421000111;TIM S.A.;;;";"2421421000111;TIM S.A.;;;"
5,31E+13;TOTVS S.A;TOTS3;;;"53113791000122;TOTVS S.A;TOTS3;;";"53113791000122;TOTVS S.A;TOTS3;;"
3,01E+12;TPI - TRIUNFO PARTICIPACOES E INVESTIMENTOS S.A.;TPIS3;;;"3014553000191;TPI - TRIUNFO PARTICIPACOES E INVESTIMENTOS S.A.;TPIS3;;";"3014553000191;TPI - TRIUNFO PARTICIPACOES E INVESTIMENTOS S.A.;TPIS3;;"
5,94E+13;TRACK & FIELD CO S.A;TFCO4;;;"59418806000147;TRACK & FIELD CO S.A;TFCO4;;";"59418806000147;TRACK & FIELD CO S.A;TFCO4;;"
7,86E+12;TRANSMISSORA ALIANÇA DE ENERGIA ELÉTRICA S.A.;TAEE11;TAEE3;TAEE4;"7859971000130;TRANSMISSORA ALIANÇA DE ENERGIA ELÉTRICA S.A.;TAEE11;TAEE3;";"7859971000130;TRANSMISSORA ALIANÇA DE ENERGIA ELÉTRICA S.A.;TAEE11;TAEE3;TAEE4"
9,27E+13;TREVISA  INVESTIMENTOS SA;LUXM3;LUXM4;;"92660570000126;TREVISA  INVESTIMENTOS SA;LUXM3;LUXM4;";"92660570000126;TREVISA  INVESTIMENTOS SA;LUXM3;LUXM4;"
2,34E+13;TRIPLE PLAY BRASIL PARTICIPAÇÕES S.A.;;;;"23438929000100;TRIPLE PLAY BRASIL PARTICIPAÇÕES S.A.;;;";"23438929000100;TRIPLE PLAY BRASIL PARTICIPAÇÕES S.A.;;;"
8,81E+12;TRISUL S/A;TRIS3;;;"8811643000127;TRISUL S/A;TRIS3;;";"8811643000127;TRISUL S/A;TRIS3;;"
1,51E+13;TRONOX PIGMENTOS DO BRASIL S.A.;CRPG3;CRPG5;CRPG6;"15115504000124;TRONOX PIGMENTOS DO BRASIL S.A.;CRPG3;CRPG5;";"15115504000124;TRONOX PIGMENTOS DO BRASIL S.A.;CRPG3;CRPG5;CRPG6"
8,47E+13;TUPY SA;TUPY3;;;"84683374000149;TUPY SA;TUPY3;;";"84683374000149;TUPY SA;TUPY3;;"
3,33E+13;ULTRAPAR PARTICIPAÇÕES SA;UGPA3;;;"33256439000139;ULTRAPAR PARTICIPAÇÕES SA;UGPA3;;";"33256439000139;ULTRAPAR PARTICIPAÇÕES SA;UGPA3;;"
9,04E+13;UNICASA INDÚSTRIA DE MÓVEIS S.A.;UCAS3;;;"90441460000148;UNICASA INDÚSTRIA DE MÓVEIS S.A.;UCAS3;;";"90441460000148;UNICASA INDÚSTRIA DE MÓVEIS S.A.;UCAS3;;"
4,44E+12;UNIDAS S/A;LCAM3;;;"4437534000130;UNIDAS S/A;LCAM3;;";"4437534000130;UNIDAS S/A;LCAM3;;"
3,40E+13;UNIPAR CARBOCLORO S.A.;UNIP3;UNIP5;UNIP6;"33958695000178;UNIPAR CARBOCLORO S.A.;UNIP3;UNIP5;";"33958695000178;UNIPAR CARBOCLORO S.A.;UNIP3;UNIP5;UNIP6"
3,46E+13;UP ENGENHARIA E URBANISMO S.A.;;;;"34591574000101;UP ENGENHARIA E URBANISMO S.A.;;;";"34591574000101;UP ENGENHARIA E URBANISMO S.A.;;;"
2,16E+12;UPTICK PARTICIPACOES SA;UPKP3B;;;"2162616000194;UPTICK PARTICIPACOES SA;UPKP3B;;";"2162616000194;UPTICK PARTICIPACOES SA;UPKP3B;;"
1,06E+13;URBA DESENVOLVIMENTO URBANO S.A.;;;;"10571175000102;URBA DESENVOLVIMENTO URBANO S.A.;;;";"10571175000102;URBA DESENVOLVIMENTO URBANO S.A.;;;"
6,09E+13;USINAS SIDERURGICAS DE MINAS GERAIS SA;USIM3;USIM5;USIM6;"60894730000105;USINAS SIDERURGICAS DE MINAS GERAIS SA;USIM3;USIM5;";"60894730000105;USINAS SIDERURGICAS DE MINAS GERAIS SA;USIM3;USIM5;USIM6"
3,36E+13;VALE S.A.;VALE3;;;"33592510000154;VALE S.A.;VALE3;;";"33592510000154;VALE S.A.;VALE3;;"
3,31E+13;VALID SOLUÇÕES S.A.;VLID3;;;"33113309000147;VALID SOLUÇÕES S.A.;VLID3;;";"33113309000147;VALID SOLUÇÕES S.A.;VLID3;;"
2,34E+13;VAMOS LOCAÇÃO DE CAMINHÕES, MÁQUINAS E EQUIPAMENTOS S.A.;VAMO3;;;"23373000000132;VAMOS LOCAÇÃO DE CAMINHÕES, MÁQUINAS E EQUIPAMENTOS S.A.;VAMO3;;";"23373000000132;VAMOS LOCAÇÃO DE CAMINHÕES, MÁQUINAS E EQUIPAMENTOS S.A.;VAMO3;;"
3,30E+13;VIA VAREJO S.A.;VVAR3;;;"33041260065290;VIA VAREJO S.A.;VVAR3;;";"33041260065290;VIA VAREJO S.A.;VVAR3;;"
3,38E+13;VIVARA PARTICIPAÇÕES S.A.;VIVA3;;;"33839910000111;VIVARA PARTICIPAÇÕES S.A.;VIVA3;;";"33839910000111;VIVARA PARTICIPAÇÕES S.A.;VIVA3;;"
6,76E+13;VIVER INCORP. E CONSTRUTORA S.A.- EM RECUPERAÇÃO JUDICIAL;VIVR3;;;"67571414000141;VIVER INCORP. E CONSTRUTORA S.A.- EM RECUPERAÇÃO JUDICIAL;VIVR3;;";"67571414000141;VIVER INCORP. E CONSTRUTORA S.A.- EM RECUPERAÇÃO JUDICIAL;VIVR3;;"
3,27E+13;VIX LOGÍSTICA S/A;;;;"32681371000172;VIX LOGÍSTICA S/A;;;";"32681371000172;VIX LOGÍSTICA S/A;;;"
5,09E+13;VULCABRAS|AZALEIA S.A.;VULC3;;;"50926955000142;VULCABRAS|AZALEIA S.A.;VULC3;;";"50926955000142;VULCABRAS|AZALEIA S.A.;VULC3;;"
8,44E+13;WEG SA;WEGE3;;;"84429695000111;WEG SA;WEGE3;;";"84429695000111;WEG SA;WEGE3;;"
1,48E+13;WESTWING COMÉRCIO VAREJISTA S.A.;WEST3;;;"14776142000150;WESTWING COMÉRCIO VAREJISTA S.A.;WEST3;;";"14776142000150;WESTWING COMÉRCIO VAREJISTA S.A.;WEST3;;"
8,47E+13;WETZEL S.A. EM RECUPERAÇÃO JUDICIAL;MWET3;MWET4;;"84683671000194;WETZEL S.A. EM RECUPERAÇÃO JUDICIAL;MWET3;MWET4;";"84683671000194;WETZEL S.A. EM RECUPERAÇÃO JUDICIAL;MWET3;MWET4;"
5,91E+13;WHIRLPOOL S.A;WHRL3;WHRL4;;"59105999000186;WHIRLPOOL S.A;WHRL3;WHRL4;";"59105999000186;WHIRLPOOL S.A;WHRL3;WHRL4;"
4,23E+13;WIZ SOLUÇÕES E CORRETAGEM DE SEGUROS S.A.;WIZS3;;;"42278473000103;WIZ SOLUÇÕES E CORRETAGEM DE SEGUROS S.A.;WIZS3;;";"42278473000103;WIZ SOLUÇÕES E CORRETAGEM DE SEGUROS S.A.;WIZS3;;"
3,32E+13;WLM PART. E COMÉRCIO DE MÁQUINAS E VEÍCULOS S.A.;WLMM3;WLMM4;;"33228024000151;WLM PART. E COMÉRCIO DE MÁQUINAS E VEÍCULOS S.A.;WLMM3;WLMM4;";"33228024000151;WLM PART. E COMÉRCIO DE MÁQUINAS E VEÍCULOS S.A.;WLMM3;WLMM4;"
8,81E+12;YDUQS PARTICIPACOES S.A.;YDUQ3;;;"8807432000110;YDUQS PARTICIPACOES S.A.;YDUQ3;;";"8807432000110;YDUQS PARTICIPACOES S.A.;YDUQ3;;"
1,13E+13;YOU INC INCORPORADORA E PARTICIPAÇÕES S.A.;;;;"11284204000118;YOU INC INCORPORADORA E PARTICIPAÇÕES S.A.;;;";"11284204000118;YOU INC INCORPORADORA E PARTICIPAÇÕES S.A.;;;"
